i,o0,h0,l0,c0,v0,o1,h1,l1,c1,v1,o2,h2,l2,c2,v2,o3,h3,l3,c3,v3,o4,h4,l4,c4,v4,s
1,29.15,29.59,28.46,28.47,39977313.0,186.57,187.72,181.97,182.03,1383121.0,126.89,127.84,124.92,124.93,3389545.0,244.27,247.66,238.9,238.95,28625557.0,157.34,158.74,153.6,153.72,101696790.0,3
2,28.4,28.5,28.04,28.07,36092669.0,183.2,184.79,181.29,183.33,1244176.0,124.76,126.51,124.41,125.31,4046748.0,237.8704,243.86,237.57,240.98,31058162.0,152.38,154.47,150.91,152.74,86652542.0,4
3,27.9,27.9,27.19,27.52,43491060.0,183,184.135,178.75,181.08,1265750.0,124.53,125,121.74,122.71,5195693.0,239.54,241.13,235.2,237.92,34126048.0,151.19,151.47,148.56,150.43,96029909.0,4
4,27.56,27.6995,26.86,26.97,44786413.0,180.4,180.955,177.87,179.98,1195947.0,122.3,124.26,121.75,122.01,3987817.0,237.045,241.45,236.9,237.45,27435190.0,149.66,153.7701,149.64,150.77,93339409.0,4
5,27.4,27.595,26.62,26.89,44050931.0,180.95,181.96,175.08,176.26,1781246.0,122.6,123.95,121.08,121.74,4117215.0,239.98,241.8,234.5,236.41,27018732.0,152.74,154.72,149.945,151.76,84282741.0,3
6,26.86,27.28,26.6,27.13,40433354.0,176.4,180.41,175.37,179.53,1810977.0,121.65,123.23,119.81,122.76,4996378.0,236.81,242.33,234.73,241.07,28969679.0,147.64,150.6414,144.84,149.84,146661387.0,2
7,26.78,26.78,26.185,26.38,41831294.0,179.51,180.57,177.51,178.67,1623444.0,121.85,122.62,120.57,121.63,3817723.0,238.89,239.95,234.41,237.5,27467433.0,146.1,146.72,140.68,142.48,128138237.0,1
8,26.3,26.57,25.74,25.77,43820964.0,179.16,180.905,176.96,177.13,1641608.0,121.66,122.43,118.61,118.81,5346108.0,238.29,240.54,232.73,232.9,35692780.0,141.28,143.1,138,138.2,124910274.0,4
9,26.33,27.25,26.065,26.97,44096180.0,177.58,179.27,175.11,178.18,2023801.0,120.16,122.21,119.6,121.51,4261729.0,235.41,241.61,234.66,240.74,28855357.0,138.21,143.07,137.685,142.45,114311663.0,2
10,27.425,27.795,27.09,27.7,42427480.0,179.33,182.23,177.42,182.13,2061408.0,122.8,125.65,122.52,125.5,4566055.0,245.09,250.36,244.975,248.88,34888416.0,145.03,146.22,144.26,146.1,87780064.0,4
11,27.365,27.84,26.89,27.64,30119962.0,180.47,184.545,179.35,180.87,1424888.0,124.71,126.46,124.23,125.74,3212872.0,245.99,250.58,244.1,249.2,20316136.0,144.075,147.38,143.01,146.4,79269968.0,4
12,27.44,27.76,27,27.18,33985131.0,180.88,181.54,175.44,175.65,1875683.0,124.88,125.3,121.77,122.23,5074624.0,247.93,250.34,246.08,246.79,20239886.0,145.81,147.54,145.22,145.43,68308669.0,4
13,26.17,26.275,25.651,25.72,57215513.0,174.812,174.99,169.33,169.92,1950666.0,121.5,121.8016,118.07,118.82,4499672.0,240.902,241.32,233.17,234.24,37737102.0,142.54,143.1,139.445,140.09,85925559.0,4
14,25.94,25.99,25.09,25.2,43409338.0,170.67,171.09,168.485,169.46,2172789.0,119.79,119.96,117.04,117.75,5990008.0,233.05,234.559,226.73,229.25,29743608.0,140.42,141.89,138.5729,140.42,74899002.0,2
15,25.01,25.48,24.69,25.04,48134930.0,169.93,171.7,169.01,169.95,1696408.0,117.46,119.23,116.94,117.8,4043265.0,227.62,229.06,224.11,225.41,30473954.0,139.9,141.35,138.22,138.98,77001872.0,0
16,25.05,25.52,24.66,25.33,39634056.0,173.11,175.82,171.49,171.71,2459231.0,118,118.81,117.2,117.57,3338754.0,225.4,227.86,223.96,225.75,21903937.0,139.13,140.36,138.16,138.34,69933744.0,0
17,24.725,26.835,24.59,26.42,62447044.0,170.88,175.05,168.5,174.44,2228933.0,116.1,122.15,115.545,121.79,5837645.0,219.85,236.1,219.13,234.24,42551818.0,134.99,143.59,134.37,142.99,113223975.0,2
18,26.46,26.63,25.76,25.91,48185367.0,174.5,175.8328,171.355,171.82,1299236.0,121.8,122.54,119.84,120.04,3763840.0,235.54,237.24,228.34,228.56,30198588.0,144.31,144.52,138.19,138.38,88597969.0,4
19,26.31,26.75,26.1713,26.42,39416474.0,174.25,176.51,173.49,174.15,1492491.0,121.8,122.875,121.43,121.52,5458585.0,235.82,238.96,235.135,237.53,28142268.0,141.065,142.9,140.27,142.41,85250639.0,2
20,26.74,26.955,25.54,25.87,51126851.0,177.04,177.07,173.88,174.26,1236598.0,123,123.94,121.82,122.94,5120336.0,243.24,243.93,235.37,238.5,26329591.0,145.49,146.7,140.61,143.75,99130632.0,4
21,25.735,26.25,25.69,26,33882274.0,173.64,175.29,172.46,172.8,1139469.0,122.36,123.94,121.9875,122.51,5886576.0,237.04,239.61,234.29,236.48,19985698.0,141.69,144.9492,141.5,143.86,61757790.0,2
22,26.15,26.95,25.945,26.08,33247689.0,171.98,173.675,169.95,170.4,1777282.0,126.25,128.96,125.15,128.3,13623115.0,235.77,241.31,234.87,236.15,21811015.0,143.02,145.89,142.65,143.39,64521989.0,0
23,25.85,27.05,25.79,26.97,53058711.0,170.4,170.4,166.58,169.99,3395373.0,128.39,130.845,127.59,129.9,7201256.0,234.74,243,234.5,242.12,26299733.0,142.87,147.8479,142.649,147.27,86548459.0,0
24,26.75,27.48,26.52,27.18,43831588.0,170.42,173.52,170.02,172.01,2400668.0,130.9,133.11,129.85,132.69,5610914.0,243.76,247.84,241.295,247.25,24781432.0,147.185,150.23,146,149.45,75981918.0,1
25,27.18,27.555,27,27.41,32205300.0,171.26,176.36,171.07,175.8,3025502.0,132,133.3,131.3,132.93,5957623.0,247.26,251.04,245.83,250.66,34775505.0,150.09,152.49,149.36,152.34,74682290.0,2
26,27.19,27.8,26.99,27.21,37153931.0,176.55,178.22,171.07,171.93,2171185.0,133.72,135.863,132.81,135.01,5140023.0,231.17,238.3,230.06,231.32,82684846.0,150.96,151.99,148.04,149.35,87883672.0,1
27,27.45,27.59,26.13,26.27,56218125.0,172.75,175.07,171.65,172.73,2033997.0,135.55,136.4,134.445,134.77,3993168.0,231.04,233.69,225.78,226.75,40424645.0,148.07,149.046,144.13,144.8,109161970.0,4
28,28.175,29.2186,27.86,29.07,91695696.0,173.8,175.56,171.68,174.75,1658405.0,135.56,138.8615,135.22,138.51,5965457.0,226.24,236.6,226.05,235.87,40647724.0,148.2,157.5,147.82,155.74,164762371.0,2
29,29.08,29.18,28.05,28.43,59507744.0,173.37,174.91,172.79,173.3,1610216.0,138.06,138.7699,136.595,138.29,4915270.0,233.76,234.92,231.15,232.13,28357265.0,153.155,154.24,151.92,153.34,97932271.0,2
30,28.8,28.85,27.89,28.3,44418730.0,174.505,175.3,172,173.53,1559385.0,138.25,138.65,136.7,138.2,3590607.0,234.6,235.74,227.325,228.17,30582271.0,155.08,155.45,149.13,150.65,80379345.0,1
31,28.27,28.85,27.41,27.42,51956099.0,173.22,175.74,171.76,172.88,2564571.0,137.75,140.17,136.8,136.83,5365264.0,229.46,231.3,220.04,220.1,38400237.0,148.945,152.17,145,145.03,93604623.0,1
32,27.45,27.88,27.17,27.39,39678189.0,171.13,173.325,170.8,170.92,973317,136.42,136.48,133.97,134.47,4442443.0,220.09,220.41,213.98,214.25,36633922.0,142.06,142.8,138.75,138.88,97917166.0,0
33,27.57,28.235,27.41,28.2,43051927.0,171.89,172.92,169.22,170.67,2069709.0,135.65,137.73,134.94,136.96,4177972.0,217.55,221.59,213.431,221.39,36789063.0,142.09,142.67,134.38,138.38,140494796.0,3
34,28.36,28.465,27.89,28.41,34389783.0,171.14,171.55,169.39,169.74,1738381.0,136.64,138.7,136.51,138.34,4043062.0,221.99,228.41,221.28,227.87,33497979.0,137.11,139.145,135.671,138.92,83364228.0,1
35,28.755,28.95,27.93,28.48,36257963.0,169.75,174.1599,169.25,173.2,3225840.0,139,140.93,138.72,140.04,5042756.0,228.7,231.65,225.84,228.87,28192548.0,140.41,141.43,137.49,139.5,89908477.0,2
36,28.22,28.3,27.52,27.52,30543746.0,174.535,174.56,170.81,171,1769117.0,137.95,138.9,136.94,137.39,4949496.0,227.37,228.6327,224.33,224.51,27851835.0,138.5,138.55,134.5933,134.87,74903262.0,4
37,28.88,29.83,28.645,29.76,62943924.0,175.9,175.9,171.86,174.34,2417957.0,140.26,141.37,138.29,141.23,5389025.0,235.43,243.33,235,242.98,46268021.0,141.24,146.87,139.5,146.87,118854028.0,0
38,28.925,30.63,28.87,30.43,49826517.0,175.12,175.56,171.35,174.25,2723589.0,141.5,144.13,140.96,143.17,5871264.0,242.99,247.99,241.93,247.11,34620246.0,145.82,150.01,144.37,149.7,93966273.0,2
39,30.34,30.99,30.18,30.35,39372839.0,174.08,178.64,173.82,173.9,2023679.0,142.63,146.08,142.18,144.2,5245624.0,241.985,243.91,239.21,241.55,31123340.0,148.97,150.28,147.43,148.28,73374114.0,2
40,31.095,31.335,30.165,30.71,40933223.0,174.82,175.76,171.68,173.79,2024673.0,144.08,146.1609,142,144.34,4727107.0,245.66,247,240.03,241.97,31380517.0,152.215,153.59,148.5613,150.04,89868332.0,1
41,30.1101,30.23,29.44,29.53,35582751.0,174.29,176.3917,173.99,174.89,2684767.0,144.13,144.95,144.0081,144.52,3445302.0,242.79,243.8,240.42,241.73,24093272.0,149.13,149.87,147.29,148.79,64218266.0,4
42,29.065,29.95,29,29.89,31983238.0,174.43,175.37,173.41,173.53,2399665.0,143.41,146.18,143.25,146.09,3955162.0,237.78,243.25,237.63,241.68,23123544.0,146.43,151.48,146.15,150.72,80389400.0,2
43,30.26,30.26,29.61,29.87,27122210.0,174,174.34,171.16,172.5,2074092.0,146.56,148.31,145.94,147.64,4661735.0,243.51,243.74,239.03,241.22,27613523.0,152.305,152.7,149.97,151.29,74829573.0,1
44,29.66,29.715,28.91,28.94,36086768.0,172.97,176.9404,172.7,176.5,2520076.0,147.55,147.928,146.45,146.68,3476208.0,241.43,244.67,241.19,242.05,26393200.0,150.16,150.37,147.715,148.01,58724070.0,0
45,29.135,29.86,29.0558,29.82,25584062.0,177.55,177.6,174.02,174.25,1558525.0,147.6,149.35,147.02,149.1,7062060.0,243.59,245.31,240.71,245.03,19665699.0,148.13,150.42,146.925,150.18,51804132.0,4
46,29.73,30.08,29.49,29.67,23143868.0,174.81,177.725,174.655,176,2087133.0,149.1,150.46,148.3,148.75,3658459.0,245.105,248.28,244.27,247.58,19508462.0,149.45,151.83,149.34,151.07,58283895.0,3
47,29.68,29.68,29.335,29.34,11314878.0,176.44,176.74,174,175,1086688.0,148.27,149.49,148.101,148.37,2075156.0,247.31,248.7,246.73,247.49,9200772.0,148.305,148.88,147.12,148.11,35195860.0,4
48,29.1,29.19,28.54,28.725,28282116.0,174.8,175.36,172.31,173.13,2296518.0,147.98,148.24,145.935,146.18,3538696.0,246.08,246.65,240.8,241.76,24810271.0,145.14,146.64,143.38,144.22,69346522.0,1
49,28.85,29.18,28.74,28.9,24361493.0,173.5,175.38,172.7703,174.81,2123503.0,145.91,147.1668,145.7,146.49,2754744.0,241.4,242.79,238.21,240.33,17956313.0,144.29,144.81,140.355,141.17,83736803.0,3
50,28.77,30.08,28.22,30.07,72072532.0,174.94,177.2,172.0501,176.5,3865069.0,146.19,149.64,145.67,148.9,6377582.0,240.57,255.33,239.86,255.14,47594239.0,141.395,148.72,140.55,148.03,111314880.0,3
51,30.24,30.48,29.52,29.83,38896309.0,178.21,179.42,176.975,177.9,3246385.0,149.98,150.01,147.34,149.16,4495924.0,253.87,256.12,250.9156,254.69,26028524.0,148.21,149.13,146.61,148.31,71250416.0,3
52,29.17,29.43,28.71,29.41,31545955.0,176.59,177.9,175.47,176.63,3193424.0,148.13,149.16,147.73,148.67,2899995.0,249.82,256.06,249.69,255.02,21528520.0,145.96,148,145.65,147.81,65438446.0,1
53,29.42,29.75,28.89,29.17,34040384.0,176.98,180.68,175.06,180.38,2937177.0,147.94,148.93,146.8,147.41,2784767.0,252.01,253.819,248.06,250.2,23435294.0,147.77,150.9199,145.77,146.63,68826442.0,2
54,29.19,29.31,28.3436,28.6,27701186.0,181.12,181.99,179.7,179.89,2485524.0,147.3,147.8,146.7,147.5,2847610.0,250.82,251.86,243.78,245.12,22463727.0,147.075,147.3,141.92,142.91,64727186.0,0
55,28.28,28.55,28.15,28.33,28239933.0,179.35,180.505,175.35,176,2441125.0,147.33,148.105,146.29,147.27,3971285.0,244.83,246.16,242.205,244.37,20479222.0,142.19,143.37,140,140.94,69721094.0,1
56,28.32,28.6,28.065,28.44,28486091.0,174.91,177.77,174.75,177.2,1769469.0,147.9,149.153,147.365,147.78,2665687.0,244.84,248.74,243.06,247.4,22611757.0,142.36,143.52,141.1,142.65,62128338.0,1
57,28.39,28.78,28.19,28.24,25641349.0,177.31,179.25,177.27,178.83,2474405.0,147.4,148.34,146.97,147.05,3047581.0,244.695,248.31,244.16,245.42,20609743.0,142.34,145.57,140.9,142.16,76084511.0,3
58,28.13,28.71,27.8588,28.69,35117866.0,178.52,180.93,177.16,180.89,2438461.0,147.82,149.21,146.9426,149.21,4032780.0,247.445,252.54,247.17,252.51,30665069.0,142.7,144.5,141.06,144.49,70462654.0,2
59,29.79,30.09,28.37,28.73,58546839.0,183.37,183.46,177.695,178.13,1680466.0,150.37,153.21,149.95,150.57,8811553.0,261.69,263.915,253.07,256.92,42192634.0,149.5,149.9692,144.24,145.47,93486161.0,3
60,28.51,29.12,28.01,28.26,37141077.0,178,179.855,174.68,174.92,2426498.0,150.47,151.91,148.45,149.86,4205878.0,257.13,262.588,254.31,257.22,35376633.0,145.35,146.655,141.16,143.21,82211182.0,1
61,27.94,28,27.12,27.15,45682654.0,173.08,173.93,171.09,172.47,1722028.0,148.52,148.98,141.58,142.36,6687744.0,253.72,254.2,247.34,249.01,35568093.0,141.11,141.8,136.025,136.5,98463907.0,1
62,27,27.135,26.4522,26.92,81104229.0,171.2,172.12,170.03,171.12,3124521.0,141.25,141.915,138.97,140.16,9834427.0,248.55,249.84,243.51,244.69,86101994.0,136.685,137.65,133.73,134.51,160063600.0,0
63,26.9,26.97,26.5,26.79,37662461.0,171.39,172.035,169.51,170.68,1367039.0,140.16,140.44,137.195,138.87,5282860.0,244.86,245.21,238.71,240.45,29696436.0,135.11,135.2,131.32,132.37,79592614.0,2
64,26.535,26.87,26.4201,26.44,31863274.0,171.16,172.06,169.07,169.19,1770429.0,138.84,141.425,138.34,141.28,5156450.0,239.4,242.91,238.42,241.8,25115802.0,131.39,133.25,129.89,132.3,77430718.0,4
65,26.59,26.97,26.58,26.83,28100906.0,170.01,172.9,169.25,172.87,1871734.0,141.84,143.09,140.975,142.14,3793700.0,241.69,245.615,240.11,244.43,23690607.0,132.98,136.81,132.75,135.45,85927993.0,1
66,26.45,26.452,25.35,25.97,47478307.0,172.04,173.26,170.23,173.17,1900275.0,140.95,141.44,138.62,140.88,3337851.0,241.255,241.99,233.87,238.19,28651664.0,134.352,134.56,130.3,132.23,77696108.0,3
67,25.92,26.19,25.6835,26.09,23600916.0,173.29,173.85,172.35,173.33,1312163.0,140.59,141.8565,139.6,141.65,2092715.0,236.11,238.87,233.9428,238.73,21206982.0,130.92,132.415,129.64,131.86,63802893.0,2
68,25.845,26.1,25.65,25.94,29548058.0,170.31,170.74,166.6107,167.68,1951675.0,141.73,142.72,141.23,142.42,2742525.0,238.7,238.93,235.83,236.96,16688648.0,131.38,131.41,128.72,130.03,69007830.0,1
69,25.84,26.115,25.5,25.54,26176917.0,168.16,169.51,167.51,167.94,1209956.0,142.4,142.81,139.95,140.02,2539577.0,236.89,239.72,234.17,234.53,17457104.0,129.67,131.0275,125.87,126.04,85438391.0,3
70,25.77,26.29,25.75,26.21,30944829.0,168.7,170.29,168.28,169.16,1351695.0,140.58,142.26,140.45,141.06,2337207.0,235.65,241.92,235.65,241.01,19770693.0,127.99,130.4814,127.73,129.61,75501810.0,0
71,25.902,26.46,25.8,26.43,31030094.0,168.09,169.2592,166.95,168.16,1045333.0,140.54,140.9,139.45,140.89,2858110.0,238.21,239.96,236.66,239.82,21938472.0,128.41,129.95,127.43,129.93,76204209.0,1
72,27.045,27.07,26.37,26.73,31307955.0,168.27,168.99,166.545,168.95,2483814.0,141.1,141.9,140.48,141.55,3338829.0,243.08,245.75,237.4,239.58,25740036.0,130.28,130.9,124.17,125.07,112117471.0,0
73,27.41,27.92,27.16,27.68,37665199.0,169.92,170.47,168.03,170.08,2237307.0,142.07,143.615,141.3675,142.6,3869236.0,232.275,232.87,225.96,229.1,50623394.0,126.89,128.6557,125.08,126.36,89100633.0,0
74,27.435,27.779,27.38,27.56,33552552.0,170.54,171.76,169.41,169.75,1501365.0,142.44,142.498,140.01,141.11,2866648.0,227.2,227.55,221.7602,222.31,39577823.0,127.13,127.77,124.76,125.02,80716808.0,4
75,27.93,28.83,27.38,28.73,31788634.0,170.55,175.64,169.23,175.09,1950876.0,142.38,144.25,141.58,143.7,3574042.0,223,225.7601,219.35,224.93,43613574.0,126.01,130.29,124.89,129.62,87754715.0,0
76,28.84,29.865,28.84,29.31,37493157.0,175.33,178.67,174.85,175.8,2177677.0,144.08,145.47,143.4,143.55,3987782.0,226.45,231.2366,226.41,227.12,27369784.0,130.465,133.41,129.89,130.15,70790813.0,2
77,29.235,29.51,28.915,29.44,23008080.0,176.09,178.47,176.04,177.5,1378852.0,143.61,144.85,142.9,144.8,2152172.0,227.755,231.31,227.33,228.85,27033881.0,130.26,131.2636,128.12,130.73,63896155.0,3
78,29.68,29.88,29,29.85,30375377.0,177.61,177.97,175.39,175.64,1396479.0,145,145.53,143.45,145.26,3268738.0,231.29,235.95,231.11,235.77,28633081.0,131.25,133.51,130.46,133.49,69458949.0,3
79,29.98,30.38,29.47,30.29,28963879.0,175,176.84,173.06,176.705,1956647.0,144.88,146.66,144.52,145.55,2716118.0,235.26,239.9,233.56,238.51,27269486.0,133.88,134.26,131.44,133.41,71379648.0,4
80,29.97,30.17,29.81,30.11,31361937.0,175.16,177.04,174.9,175.62,1070546.0,144.06,146.1,144.01,145.89,2455786.0,237.002,239.37,234.92,239.23,21333265.0,132.03,134.92,131.66,134.76,57809719.0,3
81,30.18,30.2557,29.52,29.6,34759080.0,176.7,177.82,175.67,175.99,1762452.0,146.42,147.18,145.01,145.19,2986461.0,237.97,240.91,237.09,240.35,29831257.0,134.83,137.29,134.13,135.94,63612627.0,1
82,29.8,29.82,28.63,28.81,44199580.0,175.97,178.215,175.6,175.78,1877522.0,144.4,144.678,140.225,140.41,6445642.0,241.565,242.38,235.52,235.81,30028692.0,136.815,138.61,135.03,135.21,69672800.0,4
83,28.61,28.755,28.24,28.42,36886615.0,174.97,175.844,173.63,174.27,1884669.0,140,142.23,139.75,140.62,4833924.0,233.78,235.52,230.68,231.93,28592433.0,134.08,136.25,133.77,135.27,58280413.0,0
84,28.42,29.23,28.25,29.22,35158497.0,174.63,175.74,173.63,175.06,2329672.0,141.67,141.86,140.51,141.2,7153341.0,234.855,240.74,234.51,240.22,35249809.0,135.28,138.02,134.22,137.87,80200655.0,0
85,29.325,30.49,29.18,30.27,38795838.0,176.24,176.24,173.75,174.36,1688626.0,141.4,142.985,141.06,141.86,5898436.0,241.1,245.165,239.65,242.58,31933951.0,138.12,143.315,137.9,141.11,81760313.0,4
86,29.94,30.19,29.73,29.92,24759130.0,174.97,175.99,171.93,173.13,1551454.0,141.25,142.75,140,141.49,4407622.0,242.5,243.95,240.44,242.04,40218444.0,140.305,143.16,140.3,142.53,66435142.0,3
87,29.52,29.885,29.17,29.7,28268023.0,172,174.459,172,173.38,2621469.0,140.47,141.03,139.36,140.76,7347453.0,234.48,243.3,230.9,240.61,66526641.0,140.89,142.43,138.81,141.86,65799349.0,3
88,30.06,30.11,29.33,30.09,56088080.0,174.08,177.135,173.8701,176.77,2437743.0,137.53,138.27,132.98,134.45,17548483.0,243.65,248.31,242,248,33454491.0,143.17,144.25,141.9,143.96,54105068.0,0
89,27.07,28.24,26.78,28.16,148548189.0,176.44,176.59,174.73,175.68,1582167.0,134.44,135.488,133.7701,134.39,8143146.0,248.99,249.83,246.83,248.16,26498939.0,143.155,147.23,143.08,145.93,70547743.0,0
90,27.715,28.51,27.67,27.95,55145771.0,175.96,178.53,175.54,175.96,2075175.0,134.32,136.11,133.98,135.3,5375712.0,244.51,245.6,242.2,242.71,25867365.0,144.955,145.55,142.85,143,64015274.0,3
91,27.78,28.29,27.53,28.26,52621578.0,175.87,176.67,174.16,176.66,1850255.0,135.5,135.65,133.76,134.73,7206448.0,243.45,247.95,242.945,247.81,26541072.0,142.7,144.34,142.28,144.29,65874459.0,0
92,27.89,29.43,27.68,29.07,63330567.0,176.26,177.64,174.9,175.54,1953850.0,134.49,135.79,132.8,135.09,5428898.0,248,255.18,245.47,252.75,31259912.0,143.97,146.61,141.32,145.43,77663426.0,0
93,29.25,30.3,28.795,30.19,62230659.0,176.76,178.625,175.09,175.995,2569916.0,135.96,136.72,134.85,136.39,6107793.0,258.82,264.69,257.25,264.6,39931837.0,148.9,151.18,148.17,150.82,118338980.0,4
94,29.62,31.17,29.53,30.32,57483100.0,175.68,179.5,174.535,176.55,3078861.0,136.35,136.95,135.53,136.94,3755720.0,259.542,264.2,257.1,258.35,29059256.0,148.03,157.38,147.83,154.5,154338835.0,2
95,29.55,29.65,28.61,28.69,48726359.0,175.56,176.26,174.02,174.76,2681522.0,135.83,136.32,134.95,136.18,4841300.0,257.44,258.3,254.78,256.77,22517997.0,152.575,153.1,150.78,151.73,69771906.0,3
96,28.65,29.27,28.43,29.05,50780776.0,173.42,178.365,173.42,177.8,1846775.0,135.67,136.4,134.45,135.84,3737553.0,260.53,268.775,260.08,267.56,50841365.0,150.64,155.23,150.64,154.65,83322551.0,1
97,28.95,29.12,28.21,28.24,36383123.0,178.32,188,178.32,187.43,2701970.0,135.71,136.74,135.16,135.98,4593748.0,273.2,276.76,266.21,266.73,54674349.0,153.88,154.58,151.168,151.92,63620079.0,2
98,28.68,28.82,27.565,27.73,43906378.0,188.51,189.63,182.7,182.92,2253070.0,134.99,135.73,133.34,133.75,3918817.0,273.8,273.98,262.8,263.62,42375102.0,153.775,154.33,150.42,150.87,55994243.0,2
99,27.63,27.99,27.335,27.8,31232544.0,183.08,184.57,182.4238,184.1,1714796.0,133.78,135.77,133.5,135.6,5049571.0,261.53,264.09,260.662,263.1,25808489.0,149.46,151.3401,149.22,151.01,57388108.0,0
100,27.87,28.55,27.715,28.55,32347470.0,184.88,186.76,184.12,185.21,1645925.0,136,137.39,135.85,137.35,4403015.0,267.64,274.6,267.15,271.32,44614921.0,150.952,154.26,150.92,153.85,62199013.0,0
101,28.38,28.72,27.99,28.64,27928929.0,186.07,187.44,184.9325,186.39,1225517.0,137.05,137.24,135.05,136.01,3202172.0,272.67,274.97,269.28,272.17,37047924.0,152.12,153.77,150.86,153.2,61664023.0,0
102,28.36,28.88,28.16,28.85,23387676.0,185.14,188.37,184.95,188.29,1144825.0,135.2,136.445,135.07,136.4,2507004.0,268.32,270.73,266.18,269.32,28962163.0,153.11,155.5,152.88,155.33,65665252.0,4
103,28.5,28.825,28.13,28.2,28972476.0,188.29,189.43,187.285,188.5,1556421.0,135.57,135.9672,134.59,135,2965495.0,264.02,266.74,261.9,262.15,29529391.0,153.51,156.33,153.3475,153.71,68167942.0,2
104,28,28.07,27.38,27.61,32086218.0,188.08,189.42,187.58,188.64,1662536.0,134.5,135.58,133.89,135.02,3466184.0,259.39,260.09,256,258.06,29998205.0,152.35,153,150.85,152.55,59105618.0,1
105,27.11,27.27,26.04,26.06,63668362.0,187.8,188.9271,186.73,187.89,1674548.0,134,134.385,131.66,131.71,4257210.0,254.48,255.49,251.59,252.67,28372844.0,150.2,151.3,148.405,148.48,58217230.0,4
106,25.91,26.9,25.3,25.47,89195317.0,187.59,188.54,186.395,187,1336743.0,131.9,131.99,130.29,130.97,3200185.0,254.09,254.34,250.34,251.51,22491056.0,148.87,149.95,147.16,148.91,51008155.0,1
107,25.78,26.08,25.32,25.61,56473237.0,186.745,189.14,186.15,187.1,1382829.0,131.5,131.7,128.86,130.79,3725648.0,255.56,256.84,250.48,254.77,29219095.0,150.09,150.34,147.24,149.4,48392049.0,2
108,25.22,25.35,24.92,25.14,44089879.0,186.4,187.685,185.92,187.17,1640571.0,129.62,130.67,129.22,130.57,3015907.0,249.96,251,248.1,249.22,24860205.0,147.11,147.19,145.7202,146.71,55469606.0,4
109,25.55,25.58,24.88,24.9,37656956.0,188.14,188.51,183.94,184.14,1435245.0,131.42,131.87,130.13,130.49,2761326.0,252.46,252.82,249.39,250.16,21184867.0,147.71,149.17,147.45,147.92,44998470.0,1
110,24.94,25.12,24.73,24.93,50255301.0,183.82,186.11,182.4,185.36,2140527.0,130.55,130.61,129.14,129.3,5143133.0,249.07,251.49,248.73,249.42,22490950.0,147.05,149.08,146.83,147.41,50546998.0,0
111,25.03,25.92,24.97,25.33,47823397.0,185,185.47,183.16,184.23,1713796.0,128.9,129.4726,127.74,128.19,3760678.0,250.76,250.93,245.79,246.27,27530059.0,146.83,147.2285,145.01,145.31,55478991.0,0
112,25.211,26.3,25.12,26.2,48381068.0,183.5,186.55,182.5,186.5,1345554.0,128.39,129.22,127.71,128.93,3340254.0,246.55,251.4,245.61,251.11,24795896.0,144.38,146.71,143.9,145.91,52279761.0,4
113,26.2,26.475,26.01,26.4,36744858.0,186.59,188,184.92,185.29,1416318.0,129.35,129.905,128.77,129.64,2860286.0,252.19,255.62,251.39,255.29,30760136.0,148.045,151.11,147.33,151.03,70725339.0,2
114,26.47,26.54,25.93,25.99,37879835.0,185.76,186.78,184.31,184.9,1455176.0,129.64,130.86,129.59,130.19,2982980.0,256.425,260.12,255.98,256.87,24099799.0,153.785,156.3,153.46,153.83,87558028.0,3
115,25.84,25.99,25.5,25.53,43164607.0,184.81,185.02,181.2,182.22,1696816.0,130.28,130.42,128.19,128.25,3530439.0,256.3,257.69,253.39,254.15,21473179.0,153.7,154.0299,151.13,151.6,56136378.0,0
116,25.56,26.01,25.45,25.98,36071934.0,182.1,183.085,180.405,181.92,1271678.0,128.48,128.74,127.545,128.05,2778798.0,254.04,254.5417,250.81,253.7,17281277.0,152.81,153.47,151.83,152.87,47204791.0,0
117,25.98,26.9773,25.97,26.44,54886084.0,181.11,181.57,176.7,177.47,1644956.0,128.3,128.53,125.98,126.16,5478317.0,255.82,259.56,251.58,252.32,26652187.0,153.559,154.535,150.225,150.59,53833122.0,0
118,26.55,27.52,26.315,27.22,65162781.0,177.02,178.3,174.15,174.67,2024545.0,126.12,127.29,125.13,125.45,5990867.0,251.08,252.79,247.6,248.59,28273930.0,150.21,150.94,147.6096,148.5,68559600.0,1
119,26.74,27.31,26.61,26.95,50976996.0,174.01,182.515,174.01,179.71,3158679.0,125.15,128.19,124.85,125.58,8188369.0,247.4,257.91,245.73,253.92,33292721.0,147.805,153.14,147.7,150.47,84457122.0,0
120,27.35,28.1,27.25,28.01,47689837.0,181.08,185.49,180.6,185.37,2340260.0,126.49,126.64,123.2,124.65,8114792.0,256.75,261.07,255.86,260.79,33614078.0,151.28,153.4,150.1,152.59,72045893.0,0
121,27.73,28.495,27.66,28.41,49322838.0,182.45,185.58,180.65,182.67,2785412.0,122.99,123.35,121.71,123.28,5989339.0,259.98,266.48,259.21,265.44,45990647.0,151.19,153.245,149.92,152.99,77167866.0,0
122,28.39,30.27,28.39,30.18,75804234.0,182.75,189.11,182.57,187.21,2176619.0,122.96,124.82,121.92,124.7,6440023.0,265.205,276.56,263.28,276.2,54832140.0,152.16,156.46,151.64,155.85,76206919.0,3
123,29.92,31,29.44,29.81,80628498.0,187.21,190.235,185.28,185.98,5039463.0,124.08,124.52,122.93,123.69,37400167.0,278.26,283.33,276.3201,279.43,69527371.0,156.08,156.74,154.28,155,98944633.0,4
124,29.8,29.9,28.63,29.16,38780054.0,186.86,187.7,183.07,184.78,1952532.0,124.31,126.16,124.19,125.94,4588304.0,276.98,277.48,269.85,272.23,43466649.0,155.07,157.82,154.15,157.4,72711415.0,4
125,29,29.165,27.975,28.46,55650832.0,185.34,186.14,181.75,182.71,2753199.0,126.9,127.15,125.66,126.57,3856345.0,274.88,275,269.5191,273.78,34545504.0,157.32,159.4,156.54,159.28,73938285.0,3
126,28.48,29.12,28.1,28.13,37415539.0,182.81,183.245,179.43,179.48,1861659.0,127,127.215,124.01,124.05,3549024.0,273.4,281.04,272.18,272.29,34871230.0,159.3,162.14,157.81,157.83,75349311.0,0
127,28.38,29.16,28.22,29.03,43785479.0,178.87,181.9,176.51,180.03,2100149.0,123.81,124.93,122.6,123.37,4651936.0,277.94,281.06,275.2,277.66,36610879.0,158.83,161.5501,157.68,158.93,67482060.0,1
128,29.04,29.81,28.925,29.36,55931606.0,180.05,183.99,178.12,183.55,1382947.0,123.36,125.4,122.88,125.29,3812644.0,277.24,280.63,275.28,280.57,28199962.0,158.86,160.34,157.85,160.25,59006343.0,2
129,29.37,29.73,29.08,29.18,34758156.0,185.35,185.92,183.96,185.02,2108945.0,126.47,130.255,126.47,129.31,6524113.0,280.5,281.4589,275.52,276.38,26840212.0,159.94,160.77,157.87,158.28,52390266.0,1
130,29.075,29.33,28.63,29.29,37407874.0,185.54,187.58,184.64,187.32,1629312.0,129.18,129.66,128.8,129.34,2889115.0,275.79,276.14,272.0451,275.23,21878647.0,157.97,158.49,155.98,157.65,45992152.0,0
131,29.77,31.89,29.755,31.52,85216189.0,188,188.69,186.155,187.05,1615374.0,130.12,130.35,129.18,129.71,3279846.0,278.96,281.1398,278.41,280.51,25087032.0,159.37,161.05,159.35,160.77,51305691.0,0
132,31.85,32.58,31.81,32.09,70077598.0,188.3,189.09,187.29,188.93,1309231.0,130.16,131.48,129.1,129.22,3561762.0,284.23,284.46,281.48,284.05,25053410.0,161.53,162.47,161.271,162.36,49210289.0,0
133,31.8,32.9,31.73,32.67,59764921.0,188.99,192,188.8,191.52,2047224.0,129.47,131.23,129.42,131.09,4524686.0,283.73,289.27,283,288.3,32765976.0,162.44,165,161.91,164.9,68749792.0,4
134,32.94,33.56,32.54,32.89,57038344.0,190.8,192.17,190.17,190.31,1669610.0,130.97,132.61,130.77,132.06,3840139.0,286.52,288.27,283.95,287.23,24743342.0,164.27,166.29,164.22,166.17,56976187.0,1
135,32.85,33.84,32.84,33.1,55714058.0,189.61,193.47,189.61,193.04,1276939.0,131.99,132.1499,130.89,131.6,3382783.0,287.23,290.4499,285.67,287.18,25824299.0,166.595,166.84,165.11,165.63,46278295.0,1
136,32.795,32.99,32.335,32.83,39555735.0,193.38,195.5,193.15,195.19,1586073.0,131.37,132.61,131.37,132.14,2898759.0,285.85,287.15,282.92,284.34,22064770.0,164.74,165.05,161.8,163.76,51511744.0,3
137,32.6,33,32.46,32.81,28551916.0,195.3,196.3,193.78,195.1,1370087.0,132.16,132.6,130.315,130.5,3050581.0,283.21,292.08,282.03,291.6,29770334.0,162.43,164.9584,162,164.66,45390123.0,2
138,32.6,32.76,32.2,32.52,30534439.0,194.43,195,192.32,192.74,1003065.0,129.83,131.08,129.24,131.03,2614402.0,289.208,289.6,284.71,289.39,23095494.0,161.42,162.03,160.08,162.03,47670382.0,2
139,32.66,33.11,32.32,32.35,27059106.0,193.14,193.68,191.02,191.58,1562151.0,130.58,131.105,130.18,130.42,3132430.0,285.75,285.98,281.64,282.83,27011589.0,162.35,162.36,160.51,160.8,47494217.0,1
140,32.77,32.89,31.96,32.02,37070786.0,192.18,193.38,191.14,191.74,1404145.0,130.4,130.8857,128.17,128.54,3957542.0,284.79,287.01,281.96,283.49,27392932.0,161.22,162.06,159.78,160.1,50133062.0,4
141,31.82,32.43,31.65,32.13,29722344.0,191.4,192.5,189.47,189.93,1364878.0,128.01,128.39,126,127.9,5621512.0,283.59,289.9,283.17,289.84,24212878.0,161.63,165.8,161.42,165.56,68418649.0,4
142,32,32.235,31.69,31.89,24623633.0,189.94,190.8,188.705,190.48,1174986.0,128.46,129.84,127.31,128.14,4180614.0,287,288.48,283.69,286.14,20982817.0,164.59,166.32,163.82,165.21,49314480.0,1
143,31.95,32.64,31.77,32.14,29601148.0,190.27,192.4,189.0678,192.12,1158678.0,128.3,128.72,126.8,127.82,3662666.0,289.93,291.6,286.16,288.8,23836223.0,165.09,165.39,164.03,165.23,41516217.0,4
144,32.43,32.46,31.78,31.83,26041380.0,192.09,192.395,190.82,191.38,1217085.0,128.14,128.68,127.35,127.78,3193787.0,291.57,291.755,287.01,288.37,20129345.0,166.1,167.41,165.65,166.47,49915508.0,4
145,31.1,31.52,31.08,31.15,25746574.0,191.83,193.63,190.88,192.27,1004891.0,126.5,126.98,125.3,126.32,7014368.0,285.99,289.05,284.54,288.45,17150271.0,165.8,168.16,165.54,167.63,47621166.0,4
146,30.76,31.25,30.71,30.86,30252069.0,193.14,193.5,189.42,190.35,1131640.0,130.15,130.98,125.84,126.36,9749618.0,285.25,289.03,285.08,286.11,23244363.0,166.09,167.87,165.56,166.65,52456377.0,3
147,30.84,30.84,30.225,30.3,28655762.0,190.02,191.28,188.305,189.73,1168913.0,126,126.7,125.27,125.73,6725426.0,285.01,286.27,283.0608,285.76,21676387.0,165.05,166.4521,164.49,165.02,57736141.0,4
148,30.13,30.37,29.61,29.66,38732452.0,189.73,190.11,186.87,187.22,1272265.0,125.55,126.05,124.56,125.4,4043892.0,282.09,284.95,278.72,281.77,26611014.0,165,165.6,163.89,165.33,41449581.0,2
149,29.44,29.57,28.87,28.88,38289873.0,186.75,188.59,186.32,187.79,1655822.0,124.9,126.19,124.76,125.89,4275396.0,279.51,281.6,275.37,275.42,45759736.0,165.19,166.305,163.73,163.77,48652863.0,4
150,29.2,29.81,28.835,29.05,41218705.0,186.2,188.52,183.51,184.93,2170800.0,125.81,126.545,125.12,125.85,4070168.0,296.7,299.57,292.73,295.37,64542982.0,163.055,165.28,162.8,163.76,45487296.0,0
151,28.75,29.945,28.51,29.86,60186244.0,184.75,184.87,182.65,184.41,1533440.0,126.37,127.02,125.455,126.97,3204889.0,295.97,305.2,295.25,304.83,46462608.0,165.19,168.56,165.19,168.41,64898729.0,3
152,31.975,32.57,30.81,31.06,80252444.0,183.95,185.87,183.22,185.77,1158950.0,126.58,127.25,125.64,126.41,5061247.0,304.01,308.93,303.31,307.26,36469613.0,168.49,169.85,167.8801,169.68,55275851.0,1
153,31.11,31.24,30.28,30.3,36918529.0,185.79,187.41,185.74,186.63,1091624.0,126.35,126.75,126.06,126.09,2724992.0,306.97,308.6,305.15,305.56,21267115.0,169.28,170.45,168.64,169.59,52424936.0,1
154,30.3,30.575,29.75,29.77,33463356.0,185.38,185.87,182.4413,185.53,1181260.0,126.3,126.45,123.27,125.16,4445283.0,307.76,309.18,303.91,305.41,26404431.0,170.09,170.35,167.54,168.54,48425696.0,0
155,30.64,31.11,30.245,30.65,45554489.0,186.34,187.11,181.145,181.33,1235220.0,125.46,125.57,123.26,123.45,4554212.0,306.62,308.61,304.09,304.4,22360754.0,169.5,170.92,167.16,167.45,65126998.0,0
156,30.435,31.72,30.38,31.24,46104019.0,180.06,184.51,179.9,183.93,1468619.0,123.03,123.52,121.7563,122.57,4463672.0,306.24,307.7626,303.4,305.41,22519907.0,164.89,167.04,164.31,165.79,81225673.0,3
157,31.38,31.41,30.73,30.99,35024562.0,184.93,186.2,183.2801,185.13,984521,123.11,124.1,122.805,123.65,4971936.0,305.72,311.97,304.27,310.65,28196052.0,170.975,174.3,170.76,173.57,113402971.0,4
158,30.7,30.84,30.39,30.77,30482801.0,184.75,186.19,184.2,185.69,641453,123.76,123.92,122.55,123.4,3663818.0,310.13,310.2,306.09,308.65,21308813.0,172.48,173.85,172.11,173.5,55962634.0,3
159,30.38,30.58,29.91,30.1,30706515.0,185.69,186.38,184.56,184.63,722194,121.9,121.97,120.66,121.17,4540047.0,308,310.04,306.31,307,21340829.0,173.05,173.54,171.6,171.77,45326874.0,3
160,30.29,30.3959,29.49,29.97,40526521.0,184.87,185.89,182.96,185.31,1002839.0,121.99,122.49,121.1,122.02,4189222.0,308.62,313,307.67,312.31,30078044.0,173.02,174.03,171.9,173.555,53724501.0,3
161,29.6,29.68,28.82,28.86,47144359.0,185.25,185.55,182.56,183.48,938913,122.02,122.24,120.55,120.9,3446452.0,310.1,311.12,306.2601,310.11,31680179.0,173.85,174.59,172.17,173.75,49473076.0,2
162,29.025,29.1,28.72,28.95,24153820.0,184.44,185.3,184.02,184.95,862454,121.41,122.86,121.11,122.84,4543325.0,310.55,310.65,306.6,308.97,19672946.0,173.62,174.06,171,172.57,45533138.0,0
163,28.9,29.825,28.88,29.8,28717475.0,184.95,185.555,184,184.37,934965,123,123.6881,122.34,123.36,2915725.0,309.095,309.905,307.59,309.46,16336547.0,173.16,173.21,171.47,172.07,37264259.0,3
164,29.62,29.9,29.21,29.22,22812040.0,183.44,184.83,181.55,181.59,733055,123.35,123.86,122.45,123.46,2749125.0,309.83,313.71,309.83,311.74,25680347.0,171.99,173.1383,171.7991,172.07,42110293.0,2
165,29.52,29.56,28.68,28.87,41667261.0,181.52,182.765,179.86,182.51,1326070.0,123.94,125.85,123.47,125.71,4515134.0,312.29,314.43,310.74,314,24315012.0,171.71,172.925,170.4201,172.69,57934404.0,0
166,29,29.76,28.87,29.68,36529193.0,182.21,182.4974,180.285,181.81,940526,125.3,126.51,125.1894,126.15,3797883.0,314.53,319.04,313.72,318.52,27275991.0,173,175.24,172.58,175.05,65496657.0,0
167,29.6,30.24,29.5,29.93,40682998.0,181.59,183.23,181.04,181.82,1080838.0,126.79,128.29,126.55,127.26,4306657.0,316.74,318.75,316.37,318.34,27543551.0,176.39,176.39,174.94,175.16,55525641.0,0
168,29.85,30.45,29.815,30.28,28693438.0,181.39,182.15,179.95,181.93,1158512.0,127.5,128.19,127.15,127.5,2806770.0,318.6,322.59,318.01,321.18,24115664.0,173.98,174.71,173.45,174.2,43570932.0,2
169,30.05,30.195,29.49,29.51,29400851.0,181.81,182.39,178.87,179.08,1316394.0,127.24,129.09,127.13,128.18,4592280.0,320.03,322.72,315.25,315.26,30797173.0,173.13,173.3794,171.275,171.56,50745163.0,1
170,29.31,29.49,28.82,29,28045840.0,178.65,180.41,178.09,180.07,1345769.0,127.82,127.9,125.47,125.68,3915505.0,314.73,316.5,312.61,313.85,23384887.0,171.09,172.4183,170.52,171.84,43711588.0,2
171,28.29,28.29,26.855,27.4,78009435.0,178.99,179.145,176.55,177.02,1212708.0,125.61,127.23,125.01,126.76,4102854.0,323.24,326.9,320,325.92,43205743.0,172.41,173.895,171.69,172.99,55889523.0,0
172,27.44,29.09,27.1,29,71910621.0,176.7,177.85,176.4,176.67,1105211.0,127.06,129.66,126.81,128.89,5612570.0,324.02,333.4,323.88,332.89,36630633.0,173.32,175.77,173.11,175.43,54834975.0,1
173,29.7,30.0399,28.995,29.99,54874794.0,176,178.32,175.73,178.2,1501297.0,129.47,130.0699,129.19,129.225,117034,335.23,335.74,330.52,331.21,29503070.0,176.96,178.99,176.57,177.3,55963954.0,0
174,29.7,32.29,29.67,31.44,135303756.0,178.67,180.53,177.235,178.75,6501507.0,128.51,129.44,127.46,128.59,11590211.0,332.29,335.94,327.33,328.39,45950553.0,177.325,179.35,176.76,177.25,99625288.0,3
175,31.8,31.94,31.02,31.13,52667268.0,179.25,180.46,178.56,180.02,1384007.0,128.44,130.145,127.78,129.82,4136086.0,325.93,333.53,324.72,332.58,26773851.0,177.7,180.12,176.9306,180.09,68901712.0,1
176,31.398,31.5899,30.825,31.31,36520757.0,180.44,185.68,180.02,185.3,1581154.0,130.38,133.12,130.15,132.42,5375796.0,334.247,337.5,332.55,335.4,25853669.0,181.03,181.78,179.26,180.95,61996852.0,3
177,31.31,31.4,29.83,29.86,48244128.0,186.5,189.165,185.58,186.27,1653682.0,133.12,133.72,132.27,132.64,4563615.0,335.22,338.5599,334.6601,335.94,21307053.0,182.63,184.951,178.035,179.58,121722517.0,0
178,29.77,31.45,29.695,30.96,42295293.0,186.61,187.3225,183.1,184.35,1408445.0,132.43,132.94,131.88,132.69,3297951.0,335.33,335.37,332.17,333.68,20396223.0,179.965,180.12,177.43,179.21,64845314.0,2
179,31.03,31.37,30.93,31.28,39097992.0,185.07,185.07,181.94,182.55,1670823.0,132.5,134.44,132.19,134.38,5772024.0,331.65,334.49,322.5,323.38,40706629.0,178.44,181.21,177.32,177.82,61944615.0,1
180,31.43,31.85,31.06,31.82,35198952.0,181.43,185.57,180.98,185.45,1389513.0,134.69,135.98,134.01,134.41,4128939.0,323.935,326.64,323.35,325.26,23260258.0,177.895,180.84,177.46,180.57,50210681.0,2
181,31.93,31.99,30.68,31.34,40227073.0,185.76,186.12,184.51,184.84,831583,134.36,136.1,134.17,135.3,3981748.0,324.99,329.99,324.41,326.79,22528950.0,181.5,182.23,180.63,180.96,48869360.0,0
182,31.4,33.3,31.36,33.07,59926114.0,183.25,183.25,177.55,179.35,2220237.0,136,136.62,135.8216,136.42,4500120.0,328.58,332.0999,325.16,331.85,24281753.0,181.27,183.89,180.97,183.79,54754995.0,2
183,33.77,33.95,33.07,33.91,51990041.0,179.65,180.06,177.04,177.74,2574473.0,136.51,138.17,136,137.6,3927331.0,334.465,336.98,330.39,334.29,22801279.0,182.8,184.15,182.44,183.31,54867129.0,0
184,33.87,35.6,33.8,35.58,74404151.0,177.89,181.98,177.37,181.51,1565963.0,137.8,138.93,136.94,137.2,4514888.0,334.34,339.04,332.81,337.34,26003791.0,183.37,184.39,182.02,183.95,57462782.0,3
185,35.28,36.42,35.215,35.82,67676296.0,182.56,183.7,181.01,182.22,1454367.0,137.27,138.8,137.175,138.4,3812582.0,337.48,349.84,337.2,348.1,38852845.0,183.96,186.52,183.78,186.01,65433166.0,1
186,36.36,36.795,35.595,36.37,110240279.0,183.05,184.93,182.77,184.11,3639647.0,139.23,139.469,137.47,137.48,7473676.0,351.32,351.47,341.95,342.33,46546285.0,186.73,186.99,184.27,184.92,101151225.0,4
187,36.77,37.11,34.715,35,65970238.0,183.52,184.28,182.22,182.69,1739178.0,136.36,137.23,135.89,135.96,4272511.0,339.31,342.08,335.86,338.05,26333307.0,184.41,186.1,184.41,185.01,49799092.0,1
188,34.915,35.05,32.83,32.9,70919771.0,182.165,183.18,180.32,181.6,1332609.0,135.11,135.39,133.29,133.69,5362272.0,336.37,337.73,332.07,333.56,25117799.0,184.9,185.41,182.5901,183.96,49515697.0,4
189,32.69,33.24,32.125,32.71,45740308.0,181.01,182.49,180.4,182.1,917406,131.68,132.96,130.68,131.17,6013021.0,334.12,340.12,333.34,339.71,23556764.0,183.74,187.045,183.67,187,51245327.0,0
190,32.21,33.45,32.03,33,46327140.0,182.1,182.96,180.94,181.67,2211097.0,130.4,130.62,129.18,129.43,11324705.0,334.36,337.96,333.45,335.02,23146901.0,185.55,187.56,185.01,186.68,53112346.0,2
191,33.19,33.99,33.095,33.34,38952369.0,180.99,181.05,177.97,178.89,1300747.0,129.39,131.41,129.31,131.34,4845649.0,333.72,336.11,328.49,328.6,21520582.0,186.83,188.05,185.23,185.27,48088661.0,0
192,33.22,34.23,33.01,34.1,33038924.0,179.79,180.48,177.975,178.95,1442030.0,131.3,132.95,130.83,132.34,3219910.0,331.86,336.15,329.3,334.57,24353972.0,185.89,188.39,185.67,188.06,50731499.0,1
193,33.61,33.81,33.035,33.57,33906877.0,180.55,183.24,179.44,183.14,1936589.0,132.06,132.17,130.91,131.76,2753779.0,334.66,337.98,333.81,335.85,20259523.0,187.93,189.9,187.6,189.25,51216801.0,2
194,33.34,33.34,32.49,32.91,38312970.0,183.15,183.93,182.28,183.36,1394776.0,131.75,134.35,131.69,134.06,3639836.0,334.71,336.11,332.62,335.05,16997042.0,189.08,190.07,188.94,189.59,46347308.0,4
195,33.359,33.56,33.16,33.44,33811252.0,183.85,186.41,183.85,185.29,1768231.0,134.69,135.03,133.425,133.81,4236677.0,337.75,342.73,337.2,340.54,26832756.0,191.63,194.48,191.26,193.97,85068452.0,1
196,33.54,33.89,33.14,33.62,15752979.0,185.26,186.59,183.75,186.16,481246,133.42,134.35,132.87,133.67,1477149.0,339.19,340.9,336.571,337.99,12507092.0,193.78,193.88,191.76,192.46,31458198.0,3
197,33.31,33.33,32.5,32.51,37664722.0,185.5,185.53,181.95,183.85,1362578.0,133.32,134.31,132.59,134.24,2955870.0,335.09,341.65,334.7276,338.15,18172378.0,191.565,192.98,190.62,191.33,46896861.0,3
198,31.9,32.04,31.38,31.97,41711442.0,183.68,184,182.36,183.25,1458161.0,133.235,133.9,131.55,132.16,3508083.0,337.3,342.99,335.5,341.27,28195534.0,189.84,192.02,189.2,191.81,45155523.0,2
199,32,32.41,31.82,31.85,28356250.0,182.91,183.73,181.84,181.95,905969,131.78,133.855,131.75,132.08,2982738.0,339.32,341.79,337,337.22,21208974.0,191.41,192.67,190.24,190.68,46757498.0,0
200,31.87,32.83,31.77,32.74,36305658.0,182.48,182.82,181.125,181.3,1253782.0,131.76,133.05,131.695,132.9,2369425.0,334.6,335.23,327.59,331.83,32739449.0,189.26,189.99,187.035,188.61,59912163.0,0
201,32.82,33.36,32.5,33.3,28148832.0,181.7,182.43,180.895,182.33,968714,133.66,134.56,133.23,134.44,2910988.0,331.06,332.86,327,332.47,26698218.0,189.16,189.3,186.6,188.08,46638119.0,0
202,33.69,34.08,33.06,33.98,37762215.0,181.9,182.2,180.11,181.31,1331328.0,135.07,135.33,132.575,132.84,3732189.0,336.6,341.652,335.67,337.2,29995262.0,189.68,191.7,188.47,189.77,60750218.0,1
203,34.15,34.3,33.62,33.87,32745752.0,181.03,183.67,180.875,183.22,1931683.0,133.51,135.07,133.36,133.92,3221422.0,339.56,343.74,339.02,342.66,20567159.0,190.5,191.19,189.78,190.54,41337338.0,1
204,33.78,33.87,33,33.15,30438659.0,183.77,186.745,183.12,186.13,1635977.0,133.91,133.92,132.94,133.4,2861496.0,347.59,351.43,344.31,345.24,28349069.0,190.23,191.1799,189.63,190.69,41616242.0,0
205,33.16,34.6,33.07,34.37,34111173.0,186,187.45,185.04,185.25,1435997.0,133.26,134.61,133.1,134.24,3146669.0,345.678,346.99,342.2,345.73,20363927.0,191.9,194.32,191.81,193.99,50520159.0,3
206,34.28,34.7,33.83,34.5,29679514.0,185.44,187.2,184.96,187.05,1194495.0,134.71,135.95,134.29,135.36,3852058.0,345.83,366.78,342.17,359.49,64851305.0,193.35,194.33,192.415,193.73,48153774.0,4
207,34.4,34.835,34.33,34.46,26486676.0,187.7,189.91,186.27,186.38,1910488.0,135.53,136.45,135.19,135.48,5519992.0,361.75,362.46,352.435,355.08,39720401.0,193.1,198.23,192.65,195.1,80492323.0,2
208,33.704,34.205,33.23,33.37,37877996.0,186.38,188.25,186.11,187.41,945583,137.19,140.32,136.56,138.38,10896330.0,353.57,357.97,345.37,346.87,33729395.0,195.09,196.47,192.495,193.13,59581196.0,1
209,33.725,34.25,33.42,34.02,79736956.0,187.59,189.31,186.39,189.26,1172414.0,138.21,139.7799,137.76,138.94,5858741.0,349.15,350.3,339.83,343.77,69402882.0,194.1,194.97,191.23,191.94,71451683.0,1
210,33.84,34.46,33.56,33.63,25286821.0,189.25,191.24,188.36,191.04,1300085.0,139.35,140.12,138.7788,139.54,3475378.0,345.85,346.92,342.31,345.11,26724646.0,193.41,194.91,192.25,192.75,45507451.0,0
211,33.7,34.34,33.4,34.1,31771091.0,191,191.36,189.855,191.22,1368699.0,139.42,140.43,139.0403,140.33,3770813.0,347.11,351.89,345.07,350.98,41614439.0,193.33,194.44,192.915,193.62,37283201.0,1
212,33.72,34.525,33.7,34.36,32643239.0,192.13,199.46,191.44,198.75,2618989.0,140.44,141.25,139.88,141.07,4046441.0,341.44,344.67,333.11,337.77,58383702.0,193.67,195.64,193.32,194.5,47471868.0,2
213,34.82,35.03,34.11,34.55,58773821.0,199.8,202.355,197.855,198.66,2198254.0,142.3,143.38,141.9,142.97,6331563.0,340.48,341.33,329.05,330.72,39611012.0,196.02,197.2,192.55,193.22,47439680.0,3
214,36.75,36.99,35.51,36.83,90863013.0,199.91,200.81,198.91,199.42,1151198.0,143.44,143.95,142.85,143.45,6686627.0,333.67,340.01,333.17,338.37,28449068.0,194.67,196.626,194.14,195.83,47691443.0,2
215,36.87,37.19,35.675,35.77,55630700.0,199.81,200,198.08,198.96,1465179.0,143.81,144.605,143.53,144.18,6138902.0,336.92,337.695,333.36,335.92,25445972.0,196.06,196.49,195.26,196.45,38824113.0,3
216,35.82,36.02,35.28,35.8,24743393.0,199.31,200.27,198.5,199.825,1162773.0,144.25,144.48,142.17,143.33,4798703.0,335.19,338.54,333.7,336.34,18381253.0,196.235,196.73,195.28,195.605,35281426.0,2
217,35.15,35.18,34.281,34.39,39051971.0,199.52,200.58,198.82,199.67,999745,142.78,144.3,142.31,144.17,4959381.0,333.63,333.63,326.3551,327.5,27759757.0,195.04,195.18,191.8507,192.58,50388811.0,1
218,34.29,35.03,34.13,34.87,24864381.0,199.13,203.26,198.005,202.84,1650777.0,143.78,145.22,143.3116,144.45,3952640.0,326,329.88,325.95,326.66,18360352.0,191.57,192.37,190.69,191.17,62243282.0,0
219,34.48,35.56,34.48,35.14,26674897.0,206.08,208.43,204.5,205.07,2427312.0,145.09,146.09,143.99,144.24,4223204.0,331.88,335.14,327.24,327.78,23741484.0,185.52,187.38,181.92,181.99,115956841.0,1
220,35.41,35.55,34.75,35.23,22486870.0,205.97,209.24,205.5353,208.36,1303036.0,145,146.5,144.93,146.18,3438654.0,328.37,331.11,327.52,330.11,17023526.0,182.13,183.13,177.35,178.85,97105069.0,0
221,34.67,35.1,33.86,35.02,34743198.0,208.04,208.04,204.61,205.09,1063945.0,145.7,146.15,144.11,145.91,4654582.0,326.96,328.75,323,326.05,22274170.0,179.69,180.27,177.58,179.8,67769003.0,1
222,35,35.0999,34.23,34.28,28720157.0,205.01,209.31,204.79,206.52,1777058.0,144.94,144.94,142.3,142.49,4073038.0,326.47,327.11,321.0499,322.23,22339508.0,180.87,180.93,177.01,178.19,60303492.0,2
223,34.7,35.09,34.48,34.68,30956295.0,206.6,207,203.89,204.8,1595212.0,143.04,144.58,142.69,143.25,4735763.0,326.015,328.26,321.18,322.93,20103165.0,179.48,180.75,177.6,177.97,54686851.0,0
224,34.46,34.945,34.36,34.89,28783730.0,204.59,206.63,204.16,205.77,1014877.0,143.12,143.45,142.205,143.12,2526433.0,320.26,322.41,319.21,321.01,24355491.0,177.32,178.62,176.55,177.79,51036672.0,0
225,34.67,35.71,34.47,35.68,36896056.0,206.74,207.53,205.28,206.45,1206873.0,143.05,143.365,141.802,141.91,4226563.0,321.39,324.06,320.08,324.04,18814579.0,177.97,179.69,177.305,179.46,43675627.0,2
226,35.41,35.625,34.75,34.77,27407709.0,206.01,206.42,204.48,205.17,1341037.0,141.5,142.31,141.2,141.87,3656559.0,323,325.09,320.9034,321.86,16813785.0,178.88,179.48,177.05,177.45,43574863.0,1
227,34.52,34.63,33.46,33.53,35757254.0,205,206.68,204.825,206,1091106.0,141.7,142.09,140.56,140.64,3264447.0,320.8,324.42,319.8035,320.4,20698864.0,177.13,178.54,176.5,176.57,45712957.0,2
228,33.56,33.59,32.35,32.58,39906739.0,206.48,206.76,203.97,204.03,1683162.0,141.01,142.66,140.6,140.66,3619658.0,320.54,321.87,316.21,316.88,21257161.0,177.14,177.5054,173.48,174,66054482.0,0
229,32.23,32.91,32.18,32.75,23701035.0,202.95,204.835,202.1169,203.73,1478580.0,140,141.83,139.76,141.41,3915480.0,314.49,318.38,311.5508,316.48,24751706.0,172.3,175.1,171.96,174.49,60171878.0,0
230,32.6,33.17,32.02,33.14,43718249.0,202.6,203.45,201.02,202.6,1019004.0,141.42,142.39,141.11,142.28,2937781.0,317.93,322.77,317.04,321.88,23989956.0,175.07,176.13,173.735,175.84,46161959.0,4
231,33.22,33.8,32.83,32.89,23434190.0,201.83,202.18,199,199.49,1671328.0,142.66,143.225,141.3,141.49,3557734.0,325.5,326.075,321.46,322.46,16018024.0,177.06,177.68,176.25,177.23,42057245.0,0
232,32.88,34.15,32.8,33.98,32324309.0,200.02,201.34,199.86,200.75,2113130.0,141.72,143.475,141.58,143.41,2559083.0,323.82,329.2,323.46,327,21164682.0,178.52,181.55,178.325,181.12,52722752.0,2
233,33.72,34.09,32.49,32.59,37930960.0,200.07,202.135,199.7,200.11,1198552.0,143.505,144.47,143.22,143.55,2900244.0,332.85,332.98,319.96,319.97,23277194.0,180.674,181.104,176.01,176.38,54912798.0,0
234,32.53,33.395,32.35,33.25,27324810.0,200.31,204.56,199.72,203.22,1297614.0,144.18,145.47,143.5,145.35,3660147.0,321.47,325.36,318.8001,322.98,21684104.0,177.38,179.15,175.82,178.61,51439994.0,2
235,33.5,33.78,33.21,33.62,22341778.0,203.31,203.79,202.52,203.32,1169737.0,145.41,146.74,145.21,146.02,3561347.0,325.66,326.15,321.722,323.7,14808482.0,180.09,180.59,178.545,180.19,43803238.0,4
236,33.49,34.48,33.47,34.31,29943629.0,203.77,204.77,201.61,202.71,1352516.0,146.3,146.73,145.62,146.45,2778113.0,321.88,328.9835,321.88,328.41,19284590.0,179.695,184.9,179.5,184.12,52953948.0,4
237,34.06,34.66,33.775,34.53,26279156.0,203.41,203.8,201.736,202.45,1056229.0,146.42,146.92,145.7452,146.86,2245402.0,328.67,329.81,326.445,328.79,15222110.0,184.94,187.85,184.74,187.65,60803988.0,0
238,34.32,35.56,34.3,35.14,48157583.0,202.83,203.23,201.9,202.68,1039410.0,146.94,147.7275,146.54,146.83,3885949.0,329.2,330.9099,326.78,327.76,26403154.0,187.84,189.12,187.48,187.87,60794467.0,0
239,35.79,36.75,35.73,36.61,43694478.0,202.8,203.44,201.74,202.89,838071,147.26,148.1,146.92,147.94,2727796.0,331.31,331.99,326.78,328.66,14886424.0,189.485,189.92,188.28,189.46,45393903.0,3
240,36.58,37.41,36.46,36.71,43379356.0,202.97,203.54,201.52,202.53,1192323.0,147.91,149,147.5719,148.13,3731281.0,329,334.85,328.66,333.55,18553859.0,188.28,189.98,187.61,189.7,45280027.0,0
241,36.56,37.04,36.03,36.98,39533390.0,203,206.11,201.97,203.66,1797551.0,147.66,148.33,147.12,148.06,2932203.0,333.38,334.46,330.18,332.88,17535773.0,188.4,188.85,181.47,182.91,81753366.0,0
242,36.83,38.34,36.7502,38.18,67659683.0,203.66,206.31,201.77,205.29,1346989.0,148.13,148.78,147.4,147.52,3333040.0,331.29,333.08,329.03,329.91,18369595.0,175.18,178.21,173.54,177.56,112416703.0,3
243,38.12,38.83,37.7125,38.01,44265054.0,205.95,206.04,204.13,204.99,946511,147.35,148.59,147.26,147.68,3722927.0,330.09,336.16,329.46,334.27,19548165.0,178.35,180.239,177.79,178.18,65402066.0,0
244,38.24,38.74,37.84,38.59,36279341.0,204.55,206.78,204.35,205.92,1053407.0,148.57,148.78,147.58,148.38,3273720.0,337.24,338.42,335.43,337.94,16583324.0,180.07,180.3,177.34,179.36,58953052.0,0
245,38.65,40.0681,38.65,38.86,55236564.0,205.73,206.81,205.43,206.15,921186,147.92,148,145.8,146.3,4457695.0,335.815,336.79,331.48,331.77,17562282.0,179.49,180.13,174.82,176.3,90316192.0,3
246,38.8,39.1499,38.25,38.71,35407780.0,206.52,207.6,205.81,207.42,1370041.0,145.95,146.98,145.92,146.55,2627999.0,331.31,336.85,331.17,336.06,16544412.0,176.51,177.3,173.98,174.21,84267928.0,4
247,38.81,38.9,38.295,38.67,30616490.0,206.55,208.28,206.55,207.81,922338,147.38,147.73,146.48,147.35,2723200.0,339.148,340.86,336.57,338.7,20263548.0,174,176.1,173.58,175.74,60345757.0,1
248,38.42,38.52,37.62,37.88,68881240.0,207.81,208.57,206.43,206.82,1659944.0,147.11,147.85,145.53,145.99,6234033.0,336.92,337.3975,329.65,330.22,37503592.0,176.48,176.495,173.82,175.01,109259461.0,0
249,37.62,38.39,37.51,37.99,29319150.0,207.32,207.66,206.04,206.55,737770,145.77,146.48,145.06,145.09,2508062.0,327.8,330.4,326.36,329.06,16834208.0,176.48,179.38,176.17,177.97,67257573.0,2
250,38.04,38.1,36.02,36.34,53288070.0,207,207.89,205.95,206.48,1084184.0,145,146.72,144.66,146.52,3945423.0,326.17,329.39,324.51,328.65,16514487.0,177.52,179.63,177.13,179.07,51826941.0,2
251,36.22,36.25,34.63,34.69,57660829.0,206.45,207.085,205.09,205.91,880838,148.36,151.9299,148.13,149.83,9636681.0,329.51,329.59,320.51,320.77,21399225.0,179.26,179.695,175.4,175.49,58436181.0,0
252,34.57,35.25,34.46,34.65,45240625.0,206.09,206.97,201.96,202.21,1425468.0,149,149.25,147.31,147.38,4944786.0,319.26,325.3499,315,319.53,35560362.0,174.55,176.3,173.86,173.93,62449116.0,4
253,34.81,34.885,34.14,34.18,29241605.0,202.36,203.764,200.75,201.72,1197280.0,147.41,148.1,146.82,146.91,2562216.0,321.32,321.45,316.15,317.01,21436887.0,174.67,177.079,174.05,174.79,56688985.0,4
254,34,34.37,33.765,34.29,21729418.0,201.49,201.76,200.01,200.85,829402,146.57,147.43,146.25,146.48,2694245.0,316.59,317.67,315,317.54,17835964.0,174.2,176.97,174.15,176.08,46172740.0,1
255,34.14,34.78,33.64,33.83,34198291.0,200.61,200.61,198.88,199.83,1125994.0,145.51,146.17,143.0201,143.24,4824654.0,315.13,315.88,310.02,312.14,25647573.0,174.82,175.2,171.66,171.96,64548945.0,0
256,33.92,34.825,33.88,34.61,44369070.0,199.83,200.84,198.06,200.36,1222142.0,143.67,143.82,141.76,143.17,4439121.0,312.3,314.299,309.69,312.79,19370182.0,172.62,173.04,169.05,170.43,66920708.0,0
257,34.65,35.6564,34.38,35.18,32265276.0,200.68,201.87,199.86,201.66,1090653.0,142.14,142.282,140.205,141.58,5783422.0,310.99,315.48,309.45,313.64,19681064.0,169.34,172.03,167.62,170.69,56294419.0,0
258,35.648,35.91,35.155,35.55,28763712.0,201.96,202.5,199.35,200.22,1325579.0,142,142.13,139.61,140.3,5703983.0,317.75,319.47,314.98,315.75,24147298.0,172.02,173.07,170.341,171.21,51861083.0,3
259,35.61,35.975,34.98,35.46,26086163.0,199.63,200.35,197.93,200.15,952538,140.04,141.45,139.86,140.8,3275461.0,316.28,321.888,315.18,321.8,20570006.0,171.22,174.3,170.93,173.75,52156935.0,0
260,35.265,36.54,35.265,35.69,45292632.0,201.03,203.765,199.41,201.66,1636826.0,140.87,141.64,140,140.39,3284421.0,320.83,321.39,311.215,313.39,21027792.0,172.255,173.63,170.82,172.4,49594613.0,3
261,36.52,36.52,35.325,35.93,39842200.0,201.66,203.54,200.85,203.24,1519969.0,140.37,141.2004,139.99,141.07,2637779.0,314.03,320.04,314,318.955,20717444.0,171.09,174.21,170.97,173.66,53006286.0,1
262,35.97,36.1,35.6,35.89,25511233.0,203.61,207.79,203.09,207.4,1595085.0,140.9,141.7,140.19,141.52,3223910.0,319.09,319.98,314.9,319.36,16965629.0,173.79,175.45,172.68,174.91,48527918.0,3
263,35.87,36.46,35.18,36.19,33262158.0,207.91,212.43,207.7,211.93,1789554.0,141.4,142.94,140.11,142.03,3511347.0,316.55,329.19,316.3,327.26,25673630.0,173.8,177.99,173.18,177.49,57266675.0,1
264,35.7,36.17,35.5,36.06,19376144.0,211.69,215.81,211.69,215.76,1617811.0,142.3,142.4,140.68,142.2,2354396.0,324.75,330.3,323.18,329.82,19891180.0,176.81,179.05,175.8,178.99,42344772.0,0
265,36.14,36.74,35.805,36.43,24044104.0,215.76,218.43,215.1099,216.09,2171469.0,142.6,143.415,141.72,142.11,3015784.0,330.96,331.1,327.67,328.39,20557094.0,178.1,179.72,177.95,178.39,43698019.0,4
266,36.62,37.03,36.38,36.88,19248602.0,216.71,217.285,216.11,217.1,1345103.0,142.51,143.34,142.14,143.23,2511459.0,331.21,332.82,329.14,332.42,20063246.0,178.2,179.85,177.6,179.8,47544848.0,1
267,36.8,37.22,36.39,36.84,23639229.0,218.52,221.13,217.17,220.06,1951655.0,142.51,142.93,140.95,141.24,3921142.0,330.565,333.6299,328.72,331.16,19313098.0,180.07,182.34,179.04,180.71,56743119.0,1
268,36.74,36.79,35.86,35.97,28408435.0,220.82,221.76,217.555,219.38,1771648.0,139.77,140.12,138.27,138.46,4583553.0,332.38,333.83,326.36,327.73,20983805.0,181.42,181.93,178.14,178.85,51412082.0,0
269,36.14,36.94,36.08,36.56,29555783.0,220.41,221.115,218.66,218.82,1519455.0,139.28,139.78,138.52,139.21,3361468.0,331.05,336.14,330.6,332.64,22153713.0,176.75,179.075,176.51,178.72,52516984.0,2
270,35.92,36.35,35.07,36.06,24993561.0,218.85,219.79,215.05,216.5,1495625.0,137.12,140.62,136.31,140.32,4172822.0,329.59,333.46,327.41,332.06,18238523.0,176.645,178.42,174.8,177.15,57549350.0,0
271,35.5242,36.02,35.45,35.64,22085950.0,216.34,218.37,214.95,215.99,1455092.0,140,140.43,139.58,139.97,3329985.0,332.49,335.59,328.3,330.11,23145202.0,175.58,177.575,175.11,175.84,54764375.0,3
272,35.96,36.36,35.52,35.67,29201848.0,215.22,216.45,213.88,214.12,1062852.0,138.64,139.405,137.93,138.01,5314159.0,332.15,336.88,330.91,331.32,25049471.0,176.04,177.84,175.19,175.46,59192863.0,2
273,35.65,36.28,34.87,34.92,32303325.0,214.39,215.22,212.34,212.81,1277636.0,138.15,139.27,137.12,137.16,4865615.0,331.72,331.92,325.45,326.67,25020125.0,175.31,175.42,172.64,172.88,64211828.0,4
274,34.6,35.19,33.39,33.85,53924661.0,213.01,215.125,212.5,213.61,1497233.0,136.63,137.68,135.87,136.38,3456577.0,325.47,332.725,324.39,329.32,23974748.0,170.91,174.01,169.93,173,55980109.0,0
275,33.64,34.71,33.64,34.59,52673857.0,213.18,215.3,212.6,214.25,1293679.0,136.74,137.98,136.05,137.79,3697975.0,331.3,331.84,327.6,330.53,31153571.0,173.05,173.67,171.45,173.44,43816644.0,1
276,34.18,34.45,32.55,32.83,44658462.0,207.69,216.7499,207.26,214.08,2249831.0,137.5,138.49,136.33,137.08,6472549.0,345.02,346.2,337.62,340.67,55053828.0,171.88,173.06,170.65,171.1,57156962.0,2
277,32.89,33.22,32.145,32.52,59049509.0,215.42,216.89,214.39,215.43,1504068.0,142.2,144.41,141.58,143.76,11130170.0,340.54,341.63,326.94,327.89,37810293.0,170.37,171.3775,165.67,166.89,70625258.0,0
278,34.66,36.38,34.6,35.54,84128212.0,215.04,215.35,207.785,209.03,2000011.0,143.62,144.7,141.71,142.52,5469227.0,330.425,336.72,328.4007,329.81,29791522.0,166.91,168.96,166.83,168.22,58257129.0,3
279,35.465,36.05,34.92,35.69,36656425.0,210.25,212.58,210,211.33,1454609.0,143.19,144.5,142.58,142.63,4204191.0,333.41,339.45,330.52,337.31,22829326.0,169.02,171.17,168.87,170.29,51239218.0,0
280,35.66,36.57,35.62,36.5,41185207.0,211.29,213.65,211.05,213.46,1345995.0,143,144.76,142.59,144.64,6592041.0,338.85,339,334.69,338.11,20265282.0,169.35,170.9,167.9,170.77,44846017.0,0
281,36.5,37.315,36.28,37.29,41710705.0,214.85,215.35,210.485,210.92,1727402.0,145,146.51,144.45,145.4,4750081.0,339.79,347.42,339.65,346.07,28158819.0,171,174.23,170.12,173.97,56934906.0,4
282,37.58,37.82,36.91,37.7,35439964.0,211.25,213.1999,210.408,212.57,2035548.0,145.77,147.1,144.84,147.01,3902657.0,347.24,348.83,344.77,348.32,24348072.0,175.52,177.78,175.46,177.57,77292052.0,4
283,38,38.32,37.665,38.14,30502744.0,212.35,212.495,206.89,208.62,2425081.0,147.45,148.445,147.28,147.9,3510495.0,349.63,354.39,347.33,352.8,23537673.0,174.24,176.82,173.35,176.65,79829246.0,1
284,38.02,38.2,37.855,37.95,23877203.0,208.96,214,208.96,213.04,1318840.0,147.89,149.225,147.85,148.97,4597249.0,353.45,357.54,353.35,356.53,23828301.0,176.38,179.43,176.21,179.23,63841310.0,4
285,38.24,38.9,37.98,38.77,32052041.0,212.56,213.3,210.54,212.36,1220854.0,149.03,149.28,148.03,148.83,3549853.0,359.4,362.46,357.63,360.53,25823931.0,179.18,182.44,178.97,181.82,70529966.0,3
286,38.85,38.89,37.7492,37.92,33483360.0,211.81,212.79,210.54,212.55,1580373.0,149.25,149.68,147.585,148.03,3618588.0,361.68,363.87,360.55,363.2,26743428.0,182.35,183.45,181.59,182.89,49340282.0,1
287,38.05,38.515,37.77,37.8,48938771.0,213.58,216.41,212.1,216.38,1620539.0,146.55,146.99,145.28,146.62,3412713.0,362.3,364.79,360.362,360.69,24847331.0,182.96,184.12,181.81,182.41,53631840.0,3
288,38.24,38.99,38.24,38.86,38871279.0,217.02,217.34,215.425,217.11,1109758.0,147.44,149.17,146.85,149.02,3179541.0,361.49,370.1,361.07,369.67,28036164.0,183.97,186.565,183.53,186.4,66177922.0,2
289,38.35,38.565,38.14,38.23,24558261.0,217.74,217.895,216.39,217.08,754137,148.46,148.49,147.35,148.1,2647288.0,368.22,368.47,365.9,366.68,19986506.0,185.82,186.03,184.21,184.8,43627519.0,0
290,38.8,39.49,38.07,39.41,45457362.0,214.7,215.25,208.88,211.76,3196235.0,149.45,150.8063,149.05,150.41,4321940.0,371.01,371.95,367.3454,370.27,27683862.0,187.7,188.11,186.3,187.44,60108378.0,0
291,39.585,40.84,39.58,40.61,47392143.0,212.35,213.88,208.82,211.06,1663908.0,150.4,153.22,150.4,152.58,4632519.0,371.28,373.13,367.11,369.67,26856895.0,187.845,189.5,187.78,188.01,53608999.0,0
292,41,43.395,40.82,43.35,86388194.0,211.17,214.28,211.17,212.19,1872684.0,153,153.35,152.13,153.06,3519172.0,370.96,376.35,370.18,376.17,27182315.0,189.57,190.96,188.65,189.71,54412915.0,0
293,42.91,43.81,42.56,43.81,49701721.0,213.33,213.9,211.87,213.42,1206612.0,153.29,153.5,152.4601,152.89,4426676.0,373.61,374.37,367,369.85,39800371.0,190.25,190.38,188.57,189.69,50737404.0,0
294,43.78,44.93,43.78,44.74,44596396.0,213.6,213.89,211.55,212,1308443.0,152.51,154.68,152.35,154.35,3658936.0,371.22,378.87,371,377.44,52528964.0,189.89,191.905,189.88,191.45,46538614.0,1
295,44.5,44.6612,43.3,43.64,37252056.0,213.31,216.47,211.61,215.56,1234066.0,154.6,154.66,153.51,153.91,2859508.0,375.67,376.2215,371.12,373.07,28422845.0,191.41,191.52,189.74,190.64,38134485.0,2
296,44.03,44.63,43.54,43.67,31490545.0,215.81,216.71,214.69,216.35,1172752.0,154.5,155.705,154.16,155.13,3045091.0,378,379.7899,374.965,377.85,23173184.0,191.49,192.93,190.825,191.31,39630011.0,0
297,43.68,44,43.61,43.96,12907105.0,217.15,217.63,215.88,217.19,522185,155.13,155.4,153.92,155.18,1799161.0,377.33,377.97,375.135,377.43,10026649.0,190.87,190.9,189.25,189.97,24018404.0,0
298,43.65,44.545,43.65,44.08,33320937.0,216.35,217.48,215.73,216.73,1134352.0,154.99,156.135,154.75,155.57,4053093.0,376.78,380.64,376.2,378.61,22179228.0,189.92,190.67,188.9,189.79,40456609.0,0
299,43.69,44.3827,43.66,44.23,24548874.0,217.27,218.88,215.93,215.94,1319415.0,155.44,155.745,154.86,155.65,2666182.0,378.35,383,378.16,382.7,20354067.0,189.78,191.08,189.4,190.4,38415419.0,0
300,44.6,45.34,44.6,44.94,38902026.0,215.47,216.58,213.65,214.84,1537582.0,156.15,157.51,156.02,156.41,3568887.0,383.76,384.3,377.44,378.85,28963399.0,190.9,192.09,188.97,189.37,43014224.0,2
301,44.65,45.09,44.41,44.7,46164571.0,216.27,219.22,215.23,218.36,2263862.0,156.95,158.6,156.89,158.56,6740622.0,378.49,380.09,375.47,378.91,30545295.0,189.84,190.32,188.19,189.95,48744366.0,2
302,44.36,44.36,42.86,43.74,43928371.0,218.79,221.485,218.56,219.54,2153194.0,158.41,160.59,158,160.55,4871860.0,376.76,378.16,371.31,374.51,33036672.0,190.33,191.56,189.23,191.24,45676673.0,2
303,43.3,43.31,41.685,42.35,50363587.0,219.15,223.8,219.15,219.78,1385518.0,160.29,162.79,160.29,161.1,5779017.0,369.1,369.52,362.9,369.14,32063301.0,189.98,190.05,187.4511,189.43,43389519.0,4
304,41.91,42.29,41.61,41.92,31859318.0,218.33,218.92,216.327,218.34,1225276.0,160.76,162.47,160.72,161.39,4556668.0,366.45,373.075,365.621,372.52,23017535.0,190.21,194.4,190.18,193.42,66628398.0,2
305,42.48,42.59,41.17,41.27,31992262.0,218.5,218.78,212.331,214.25,1760508.0,161.59,162.355,160.01,160.28,3555863.0,373.54,374.18,368.03,368.8,21174417.0,194.45,194.76,192.11,192.32,41055862.0,0
306,41.75,42.435,41.1801,42.15,29118697.0,212.95,213.37,209.575,210.73,2857995.0,161,161.465,159.97,160.22,3665498.0,368.23,371.4527,366.32,370.95,23118104.0,193.63,195,193.59,194.27,47413955.0,0
307,41.84,42.955,41.81,42.7,42814959.0,210.65,212.39,210.45,211.62,2493384.0,160,162.04,160,161.96,4561342.0,369.2,374.46,368.23,374.23,20142366.0,194.2,195.99,193.67,195.71,53383658.0,0
308,43.16,44.73,43.08,44.54,48288156.0,212.42,216.63,211.96,215.43,1584674.0,162.68,163.65,161.95,163.51,6077207.0,368.48,371.6,366.1,371.3,27708757.0,193.11,193.49,191.42,193.18,60943699.0,3
309,44.36,44.44,43.63,44.04,29937163.0,215.3,216.44,213.38,214.13,1614164.0,163.27,166.34,162.92,164.71,5292290.0,370.85,374.42,370.46,374.38,24834333.0,193.08,194.72,191.721,194.71,52696900.0,4
310,44.08,44.72,43.33,44.57,35216050.0,214.13,215.51,211.56,213.16,2804646.0,164.37,164.9653,162.735,163.62,4989141.0,376.02,377.6361,370.77,374.37,30605531.0,195.09,198,194.85,197.96,70404183.0,0
311,45.01,47.07,44.65,45.18,70620765.0,211.5,211.6371,205.18,210.16,3369400.0,162.93,163.499,160.149,162.91,6129804.0,373.31,373.76,364.13,365.93,43270261.0,198.02,199.62,196.16,198.11,66831572.0,3
312,45.94,47.27,45.67,46.16,84583405.0,207.95,208.64,205.89,206.73,4737666.0,162.3,164.09,162.04,162.23,11016108.0,366.85,372.4,366.28,370.73,78502324.0,197.53,198.3999,197,197.57,127387901.0,1
313,46.15,46.23,45.4,45.69,27895652.0,208.12,211.415,208.02,211.19,1696333.0,162.23,163.33,161.5766,162.74,3677533.0,369.45,373,368.68,372.65,21802878.0,196.09,196.63,194.39,195.89,55751861.0,0
314,45.6,46.68,45.51,46.66,35358771.0,211.65,213.42,210.05,212.95,1879282.0,161.8,162.28,161.32,161.56,3766591.0,371.49,373.26,369.84,373.26,20593658.0,196.16,196.95,195.89,196.94,40714051.0,2
315,46.64,46.95,45.7,45.76,38159137.0,213.33,214.4,210.3354,211.05,1850073.0,161.29,161.8,160.01,160.05,4865797.0,375,376.03,370.53,370.62,26316623.0,196.9,197.68,194.83,194.83,52242815.0,1
316,46.48,47.12,46.02,47.08,28320463.0,210.62,213.955,210.41,213.77,1027146.0,160.59,161.08,159.53,160.78,2982924.0,372.56,374.41,370.04,373.54,17608006.0,196.1,197.08,193.5,194.68,46482549.0,0
317,47.25,48.1557,47.2,48,30078727.0,214.13,215.62,212.605,214.31,1224958.0,161.1,162.41,161,162.14,2442715.0,373.68,375.18,372.71,374.58,17102684.0,195.18,195.41,192.97,193.6,37149570.0,0
318,48.92,50.515,48.71,50.5,60287408.0,214.53,215.0199,213.8,214.8,1327434.0,162.23,163.31,162.05,163.21,1772443.0,375,376.94,373.5,374.66,12673050.0,193.61,193.89,192.83,193.05,28919310.0,1
319,50.63,51.28,50.19,50.76,52148041.0,209.1,210.57,208.78,210.54,1530026.0,163.14,163.64,162.68,163.46,3234550.0,373.69,375.06,372.8116,374.07,14905412.0,192.49,193.5,191.09,193.15,48087681.0,1
320,50.81,50.87,50.16,50.39,27705233.0,210.75,211.52,210.24,211.02,1099036.0,163.96,163.96,163.4,163.75,2071313.0,375.37,376.458,374.16,375.28,14327013.0,194.14,194.66,193.17,193.58,34049898.0,3
321,50.3,50.5699,49.77,50.25,29288707.0,211.02,211.34,208.84,210.6,1501958.0,163.75,164.18,162.83,163.55,2526169.0,376,377.16,373.48,376.04,18730838.0,193.9,194.4,191.725,192.53,42672148.0,3
322,49.2,49.38,47.4527,47.8,45905728.0,212.74,213.11,207.77,209.23,1794557.0,162.83,163.29,160.46,161.5,3825044.0,373.86,375.9,366.771,370.87,25258633.0,187.15,188.44,183.885,185.64,81964874.0,3
323,47.1,47.81,46.8,47.05,35858434.0,206.22,207.4,200.85,201.41,2813965.0,161,161.73,160.08,160.1,4086065.0,369.01,373.2562,368.51,370.6,23013465.0,184.22,185.88,183.43,184.25,58414460.0,0
324,45.715,47.16,45.24,46.87,47797812.0,202.9,204.1,201.01,202.74,2564183.0,160.22,161.81,160.17,160.86,3212004.0,370.665,373.1,367.17,367.94,20901502.0,182.15,183.0872,180.88,181.91,71878670.0,0
325,47.03,47.83,46.635,46.89,34344031.0,203.47,204.05,198.9,199.19,2340529.0,159.91,160.55,158.67,159.16,4199504.0,368.97,372.06,366.5,367.75,21004575.0,181.99,182.76,180.17,181.18,62371161.0,0
326,47.07,48.76,46.97,48.45,42135127.0,198.84,200.9,197.465,200.11,2474565.0,158.69,161.216,157.885,161.14,3321698.0,369.3,375.2,369.01,374.69,23132275.0,182.085,185.6,181.5,185.56,59144470.0,3
327,48.01,48.56,47.795,48.05,30097005.0,198.98,199.78,196.89,197.09,1963900.0,160,160.4837,159.51,160.08,2617186.0,372.01,375.99,371.19,375.79,20828828.0,183.92,185.15,182.73,185.14,42841809.0,3
328,48.24,48.3,46.94,47.47,31480186.0,197.75,199.625,196.84,197.83,2115535.0,160.28,161.34,159.74,161.23,2967852.0,376.37,384.17,376.32,382.77,25497145.0,184.35,186.4,183.92,186.19,46192908.0,2
329,47.44,47.84,46.73,47.64,31707881.0,198,198.55,195.54,196.4,2151658.0,161.02,162.23,160.29,162.16,3778395.0,386,390.68,380.38,384.63,27850846.0,186.54,187.05,183.62,185.59,49128408.0,2
330,47.6,47.67,46.61,47.12,27587902.0,198,198.12,195.91,197.54,1810649.0,162.97,165.98,162.355,165.8,4958261.0,385.49,388.68,384.65,388.47,21641153.0,186.06,186.74,185.19,185.92,40477782.0,4
331,46.98,47.22,46.38,47.06,43720666.0,197.61,199.94,196.81,198.6,2588216.0,165.8,167.25,165.34,166.96,4869635.0,393.66,394.03,387.6229,390.27,27142268.0,182.16,184.26,180.934,183.63,65076641.0,1
332,46.4151,46.4151,45.65,46.06,33463015.0,198.89,203.185,198.4,202.97,2571571.0,166.79,167.82,165.495,166.08,4288604.0,387.98,390.11,384.81,389.47,21698908.0,181.27,182.93,180.3,182.68,47317433.0,4
333,47.03,47.57,46.17,46.74,46681348.0,202.23,203.545,200.455,202.9,1947734.0,166.49,166.99,165.04,166.84,3776990.0,391.72,393.99,390.12,393.87,23391588.0,186.09,189.14,185.83,188.63,77722754.0,0
334,47,48.76,46.44,48.15,55979796.0,203.72,204.485,201,202.05,1604698.0,170.59,171.5791,169.18,171.48,6929079.0,395.76,398.67,393.5,398.67,29331136.0,189.33,191.95,188.82,191.56,68887985.0,4
335,48.85,49.17,47.64,48.22,45639521.0,202.21,204.35,202.2,203.27,1324499.0,172.82,174.45,172.4,172.83,4925964.0,400.02,400.62,393.59,396.51,27016902.0,192.3,195.33,192.26,193.89,60131852.0,1
336,48.12,48.94,47.32,48.89,37214140.0,200.5,204.1,200.17,203.97,1573055.0,172.9,174.02,172.48,173.94,3983461.0,395.75,399.38,393.93,398.9,20525882.0,195.02,195.75,193.8299,195.18,42355590.0,3
337,49.17,49.77,48.265,49.09,49375834.0,204.43,205.215,203.42,204.27,1636136.0,174.76,174.86,172.9,173.93,9097827.0,401.54,405.63,400.45,402.56,24362953.0,195.42,196.38,194.34,194.5,53631316.0,2
338,50,50.3,48.97,49.55,84845086.0,204.81,205.86,202.91,205.61,2012307.0,184.96,196.9,184.83,190.43,29596239.0,404.32,407.01,402.5294,404.87,21008155.0,195.22,196.2675,193.1125,194.17,54822126.0,1
339,44.18,45.41,43.35,43.65,127665287.0,206.64,207.15,205.06,206.78,1691388.0,191.31,192.3896,186.16,187.42,9895941.0,404.37,406.17,402.43,403.93,17803271.0,194.27,194.76,191.94,192.42,44587111.0,3
340,43.71,43.99,42.81,43.84,51790863.0,206.89,207.64,203.425,204.78,2393086.0,187.46,189.46,186.05,187.14,6107908.0,406.06,409.98,404.33,409.72,24479936.0,192.01,192.2,189.58,191.73,47145622.0,1
341,43.67,43.82,42.89,42.92,47958762.0,204.43,206.635,204.22,206.11,1453072.0,187.71,188.65,186.77,187.87,4575058.0,412.26,413.05,406.4501,408.59,33443110.0,190.94,191.8,187.47,188.04,55836970.0,0
342,42.57,43.785,42.36,43.08,51584247.0,206.29,208.78,204.44,205.84,2786188.0,187.05,187.65,183.14,183.66,8876055.0,406.96,415.32,397.21,397.58,47855797.0,187.04,187.095,184.35,184.4,55467803.0,2
343,43.15,43.57,42.485,43.36,38819855.0,204.71,206.74,202.8,205.79,1616789.0,183.63,187.51,182.71,186.9,4669444.0,401.83,408,401.8,403.78,30656726.0,183.985,186.95,183.82,186.86,64885408.0,4
344,43,43.14,41.6,42.6,53521500.0,207.29,209.62,205.69,206.55,1583751.0,187.1,187.39,185.615,185.79,4052661.0,403.81,412.65,403.56,411.22,28186570.0,179.86,187.33,179.25,185.85,102527680.0,0
345,42.62,43.15,42.425,42.77,28890264.0,205.91,205.92,203.805,204.82,1422907.0,185.51,185.78,183.255,183.42,4379602.0,409.9,411.16,403.99,405.65,25352286.0,188.15,189.25,185.84,187.68,69654320.0,4
346,42.7,42.78,42.14,42.74,34068216.0,204.82,204.83,202.4,202.78,1313337.0,183.55,184.68,183.04,183.41,3338196.0,405.88,407.97,402.91,405.49,18382624.0,186.86,189.31,186.7695,189.3,43490759.0,3
347,42.89,43.095,42.55,42.78,34248246.0,203.79,205.595,203.04,205.46,1534716.0,183.34,184.02,182.625,183.74,4841188.0,407.44,414.3,407.4,414.05,22340526.0,190.64,191.05,188.61,189.41,53438955.0,2
348,42.72,42.97,42.33,42.5,33206470.0,205.99,207.65,203.49,204,1890696.0,182.63,184.55,181.49,184.36,5161185.0,414.05,415.56,412.53,414.11,21225257.0,189.385,189.535,187.35,188.32,40962046.0,0
349,42.55,43.52,42.395,43.31,51192958.0,204.66,205.6,203.61,205.09,1712151.0,184.44,187.18,183.85,186.34,5064641.0,415.25,420.82,415.09,420.55,22010344.0,188.65,189.99,188,188.85,45155216.0,0
350,43.39,45.04,43.32,44.03,51107349.0,205.47,207.82,205.06,206.82,1412747.0,185.9,186.48,184.03,186.16,4724021.0,420.555,420.74,414.75,415.26,21202921.0,188.415,188.67,186.79,187.15,41781934.0,0
351,43,43.63,42.76,43.16,36622233.0,207.4,210.37,205.4207,207.43,2502036.0,184.28,184.77,182.36,183.7,4290453.0,404.94,410.071,403.39,406.32,27824936.0,185.77,186.21,183.5128,185.04,56529529.0,1
352,43.82,44.29,43.39,44.19,36186233.0,210.5,219.09,209.46,215.18,3413553.0,185,185,182.26,183.57,3173391.0,408.07,409.84,404.57,409.49,20394390.0,185.32,185.53,182.44,184.15,54617917.0,2
353,44.755,45.27,44.02,44.05,44024507.0,214.4,216.04,209.9,211.02,1828462.0,183.62,186.98,183.62,186.87,4714301.0,408.14,409.13,404.29,406.56,21825525.0,183.55,184.49,181.35,183.86,65434496.0,2
354,44.03,44.2199,43.12,43.51,29975301.0,212.07,215.01,211.28,212.26,1441292.0,186.63,188.95,185.9452,187.64,4842840.0,407.96,408.29,403.44,404.06,22296495.0,183.42,184.85,181.665,182.31,49752465.0,0
355,44.26,45.17,43.42,44.52,61514136.0,212.47,213.5,210.15,210.99,1273844.0,187.64,188.77,183.06,183.44,4247181.0,403.24,404.49,398.01,402.79,24307915.0,181.79,182.43,180,181.56,53574453.0,1
356,44.48,44.69,43.08,43.47,57714970.0,211.49,215.067,211.16,215,1681778.0,182.56,183.03,178.75,179.7,4728473.0,400.17,402.29,397.22,402.18,18576472.0,181.94,182.8888,180.66,182.32,41496371.0,1
357,44.68,44.68,42.53,42.98,62809318.0,213.88,218.2,213.15,218,1844142.0,182.45,184.55,181.93,184.21,5078398.0,410.19,412.83,408.57,411.65,26924129.0,183.48,184.955,182.46,184.37,52284192.0,2
358,43.125,43.51,42.66,42.99,33793714.0,218.82,221.18,217.08,217.96,2050867.0,184.9,186.455,184.57,185.72,3433800.0,415.67,415.86,408.97,410.34,16290899.0,185.01,185.04,182.23,182.52,44926677.0,1
359,43.5,43.68,42.82,42.99,27035379.0,217.22,219.525,217.03,219.44,1827714.0,185.6,186.125,184.06,184.13,4620815.0,411.455,412.16,407.36,407.54,16193505.0,182.24,182.76,180.65,181.16,40867421.0,4
360,43.25,43.265,42.51,42.73,25126372.0,219.06,219.61,217.16,219.45,1593003.0,184.16,185.13,182.62,184.87,3641378.0,407.99,408.32,403.85,407.48,14835827.0,181.1,183.9225,179.56,182.63,54318851.0,1
361,42.44,42.45,41.91,41.99,26928470.0,219.99,220.99,219.35,220.84,1084864.0,184.63,185.37,183.55,185.3,3216345.0,408.175,409.3,405.3201,407.72,13152525.0,182.51,183.12,180.13,181.42,48943139.0,0
362,42.37,43.15,42.3551,43.05,48875120.0,222.09,222.63,219.18,220.35,2302550.0,186.15,186.8495,184.69,185.03,6458487.0,408.64,414.2,405.92,413.64,31947263.0,181.27,182.57,179.53,180.75,136682597.0,2
363,43.41,44.2698,43.13,43.82,41426072.0,220.25,221.76,217.91,219.21,1775896.0,185.49,188.38,185.18,188.2,4018354.0,411.27,415.87,410.88,415.5,17805495.0,179.55,180.53,177.38,179.66,73450582.0,0
364,44.27,46.61,43.85,45.61,59990811.0,220,221.62,219.3,221.35,955315,187.76,193.898,187.6,193.06,7938266.0,413.44,417.35,412.32,414.92,17595956.0,176.15,176.9,173.79,175.1,81505451.0,2
365,44.56,44.8675,42.69,43.16,56655135.0,221,222.5199,219.19,219.9,939772,192,193.94,190.57,191.95,5553641.0,413.96,414.25,400.64,402.65,26886877.0,170.76,172.04,169.62,170.12,94702355.0,2
366,43.93,45.505,43.555,44.51,52441145.0,219.82,220.26,216.63,219.69,1139471.0,193.5,198.13,192.96,196.16,6945818.0,402.97,405.16,398.39,402.09,22320549.0,171.06,171.24,168.68,169.12,68568907.0,0
367,45.55,46.4199,45.18,46.15,50378153.0,219.88,220.8,213.48,213.53,1812567.0,197.58,198.73,196.14,196.54,4604458.0,406.12,409.78,402.24,409.14,18695839.0,169.15,170.73,168.49,169,71763761.0,4
368,46.44,46.6277,44,44,54916599.0,213.95,214.91,212.8,212.98,1274274.0,196.06,197.77,194.38,195.95,3943113.0,407.96,410.42,404.33,406.22,18002186.0,169,173.7,168.94,170.73,76267041.0,0
369,43.87,44.93,43.66,44.86,35034186.0,213,216.84,213,216.77,1129733.0,195.09,195.3775,190.88,191.73,4725057.0,403.762,405.68,401.26,404.52,16120752.0,172.94,174.38,172.05,172.75,60139473.0,2
370,45.06,45.265,44.46,45.24,31795832.0,216.92,218.75,216.31,217.75,1388567.0,192.46,199.18,192.15,197.78,5880075.0,407.62,415.57,406.79,415.28,22457003.0,173.15,174.03,171.01,173.23,59813522.0,1
371,44.51,44.98,43.2,43.23,53195932.0,217.75,219.47,217.52,219.36,936945,197.55,198.1,195.32,196.7,3993258.0,418.1,418.18,411.45,415.1,17115931.0,172.77,173.185,170.76,171.13,52488692.0,3
372,43.23,43.35,42.51,42.75,38100016.0,219.09,219.78,217.26,219.41,1556099.0,196.95,197.748,192.12,193.43,4109636.0,420.24,427.82,417.99,425.22,34155379.0,172.91,174.3078,172.05,173,72913507.0,4
373,42.45,43.15,42.35,42.64,66921857.0,217.445,220.19,216.85,217.5,4141841.0,191.99,193.0573,190.7,191.07,8828184.0,419.29,422.6,412.79,416.42,45079903.0,171.17,172.62,170.285,172.62,121752699.0,3
374,43.09,43.38,42.595,42.71,27826126.0,218.11,219.75,217.44,218.89,1111992.0,191.7,193.23,190.32,191.69,5410332.0,414.25,420.73,413.78,417.32,20106230.0,175.57,177.71,173.52,173.72,75606556.0,4
375,42.25,42.29,41.44,42.05,34672950.0,219.59,219.59,216.0875,216.36,1460536.0,191.49,193.58,190.28,193.34,5317341.0,417.83,421.6656,415.55,421.41,19824715.0,174.34,176.605,173.03,176.08,55215244.0,4
376,42.99,43.01,41.41,42.2,74864992.0,215.3,216.445,213.085,213.62,1886901.0,192.87,193.98,191.31,193.96,3238643.0,422,425.96,420.66,425.23,17856165.0,175.72,178.67,175.09,178.67,53423102.0,1
377,42.99,43.6,42.32,42.42,50807592.0,213.82,216.29,213.56,216.09,1529894.0,193,193.37,190.01,191.9,6013561.0,429.83,430.82,427.16,429.37,21221222.0,177.05,177.49,170.84,171.37,106181270.0,0
378,42.25,42.8,42.09,42.57,28503057.0,216.2,216.43,214.36,214.5,1169692.0,192,192.985,190.51,190.84,3988398.0,429.7,429.86,426.07,428.74,17648473.0,171.76,173.05,170.06,172.28,71146138.0,0
379,40.89,42.215,40.57,41.83,47276531.0,215.14,216.4599,214.4,215.19,978295,190.26,190.82,188.75,188.79,3718289.0,425.24,427.41,421.61,422.86,18060450.0,170.565,171.94,169.45,170.85,54288328.0,0
380,41.95,42.265,41.655,41.99,39109651.0,214.71,215.3099,211.89,212.88,1375065.0,189.02,190,188.5,188.5,4229535.0,425.61,425.99,421.35,421.65,16725647.0,170,171.42,169.58,169.71,57388449.0,0
381,42.54,43.83,42.5,43.77,51017828.0,213.37,215.65,212.53,215.6,1817797.0,189.6,190.96,188.6,190.8,3443305.0,424.44,424.45,419.01,421.43,16704978.0,170.41,173.6,170.11,173.31,60263665.0,0
382,43.76,44.6,43.71,44.17,54204194.0,215.89,216.485,212.98,215.29,1755363.0,190.94,191.9299,190.34,190.96,3742169.0,420.96,421.87,419.12,420.72,21871161.0,171.75,172.23,170.51,171.48,65671690.0,0
383,44.29,45.41,44.18,44.52,31712593.0,215.33,215.7,211.93,212.02,1036570.0,190,190.46,188.52,189.83,2364320.0,423.95,427.89,422.22,424.57,16315961.0,171.19,171.25,169.475,170.03,46240500.0,1
384,43.925,44.08,43.5,43.94,32748360.0,212.04,214.89,211.381,214.8,1983175.0,189.14,189.8,187.6,188.88,2693455.0,420.11,422.38,417.84,421.44,17911992.0,169.08,169.34,168.2302,168.84,49297581.0,2
385,41.4,41.65,40.22,40.33,83717226.0,214.8,215.62,211.9715,212.03,1796953.0,188.6,191.35,188.485,190.9,2826193.0,419.73,423.26,419.085,420.45,16502264.0,168.79,170.68,168.58,169.65,47691715.0,1
386,40.59,40.7798,39.7,39.73,57283793.0,213.17,214.28,211.92,212.21,2182683.0,192,193.28,187.34,187.94,2983853.0,424.99,428.67,417.57,417.88,19370875.0,170.29,171.92,168.82,168.82,53682486.0,3
387,39.35,39.46,38.51,38.71,67155035.0,211.37,213.26,210.8,211.08,1163273.0,188.59,190.32,188.02,189.14,2014264.0,420.01,426.51,418.32,425.52,16549091.0,169.59,170.39,168.95,169.58,42104826.0,1
388,38.64,38.86,37.91,37.98,56894344.0,211.04,214.13,210.17,212.75,2006133.0,189.24,190.24,188.9118,189.82,2678284.0,425.17,427.28,423.3,424.59,14272387.0,169.03,169.2,168.24,168.45,37425513.0,0
389,38.05,38.58,37.325,38.33,78782981.0,213.77,214.475,208.47,209.78,1634092.0,190.54,191.25,186.66,189.31,2794381.0,426.44,427.74,421.62,426.28,12512289.0,168.7,170.08,168.35,169.67,42451209.0,1
390,38.02,38.2211,37.02,37.2,51108380.0,210.41,213.37,209.63,212,2127002.0,187.42,187.915,185.52,186.04,3081915.0,422.19,424.03,419.7,423.26,16216581.0,168.8,169.09,167.11,167.78,49691936.0,4
391,37.43,37.67,37.08,37.63,41909086.0,211.61,213.87,210.44,212.77,1653375.0,186.04,186.795,184.58,185.9,2861736.0,425.82,429.37,422.36,427.93,17966423.0,168.34,175.46,168.16,175.04,91053075.0,4
392,36.69,36.7,35.605,35.69,80254789.0,212.4,212.84,209.29,209.5,1582601.0,184,185.1699,181.685,182.27,3547378.0,424.05,425.1794,419.77,421.9,18742900.0,174.26,178.36,174.21,176.55,101282386.0,0
393,36.04,36.7,35.89,36.31,45720502.0,211.04,212.1,206.075,206.23,1883459.0,185.57,187.48,180.88,181.25,3421129.0,426.6,426.82,413.43,413.64,19074288.0,175.36,176.63,172.5,172.69,70733115.0,3
394,36.27,36.51,35.764,36.26,30177343.0,207.35,208.75,206.15,206.48,1115862.0,185.59,185.71,182.86,183.75,4376666.0,414.57,418.4,413.7301,414.58,14696641.0,171.75,173.76,168.27,169.38,71583932.0,1
395,36.1,36.1297,35.37,35.68,40351193.0,208.06,209.13,206.21,208.42,1834913.0,184.16,184.67,181.78,183.1,2856517.0,417.25,418.88,410.33,411.84,15372503.0,169.61,170.65,168,168,48503680.0,1
396,35.42,35.66,34.77,35.04,41881109.0,210.15,210.36,207.77,209.65,1234741.0,182.35,183.46,180.17,181.47,2799436.0,410.63,411.89,403.95,404.27,19265719.0,168.03,168.64,166.55,167.04,40735511.0,1
397,35.13,35.13,34.18,34.2,58265866.0,211.28,214.5,210.27,213.04,2319184.0,182.43,182.8,180.57,181.58,2902869.0,404.03,405.48,397.77,399.12,28791324.0,166.21,166.4,164.075,165,66084170.0,1
398,34.415,34.57,34.075,34.41,36737913.0,213.3,216.71,212.875,215.48,1723514.0,182.45,183.315,180.45,181.9,3005496.0,400.08,402.85,395.75,400.96,18941793.0,165.515,167.26,164.77,165.84,46488244.0,4
399,34.335,34.6,34.18,34.28,41500179.0,215.01,217.45,214.14,216.77,2019013.0,182.73,184.68,179,182.19,5876387.0,404.235,408.2,403.06,407.57,14940953.0,165.35,167.05,164.92,166.9,46956672.0,4
400,34.86,35.18,34.34,34.5,50381975.0,215.63,216.63,209.07,212.59,2615059.0,183.17,184.29,181.4,184.1,7363274.0,409.56,412.47,406.78,409.06,14461957.0,166.54,169.3,166.21,169.02,47007455.0,0
401,34.56,35.295,34.5,35.11,66132558.0,212.345,216.52,211.19,212.54,1984114.0,168.2,172.45,165.66,168.91,16696003.0,394.03,399.8899,388.03,399.04,39761357.0,169.525,170.61,168.1511,169.89,48858902.0,0
402,31.78,32.24,30.64,31.88,119693039.0,211.92,212.4,209.635,210.94,1287315.0,167.5,167.87,165.73,167.13,8874473.0,412.17,413,405.7601,406.32,29220602.0,169.88,171.34,169.18,169.3,44014087.0,4
403,31.86,31.91,31.07,31.36,58422629.0,209.69,213.135,209.195,209.62,1237290.0,167.4,168.22,166.225,167.43,4840321.0,405.25,406.32,399.19,402.25,18864413.0,173.37,176.03,173.1,173.5,66891905.0,1
404,31.04,31.175,30.42,30.47,70336059.0,209.11,210.14,207.685,209.64,1369241.0,166.49,166.76,165.2605,166.2,5899758.0,401.49,402.16,389.17,389.33,28424870.0,173.33,174.99,170,170.33,64066593.0,0
405,30.17,31.035,30.02,30.37,57748774.0,209.05,210.51,207.55,208.07,1783653.0,165.69,166.27,164.3,164.43,3977459.0,392.61,401.7199,390.31,394.94,23162423.0,169.58,172.705,169.11,169.3,48416441.0,4
406,30.59,30.67,30.19,30.51,49024621.0,209.37,209.74,206.85,207.48,1896474.0,164.35,164.88,162.62,164.69,3718971.0,397.66,399.93,394.6515,397.84,17110425.0,172.51,173.415,170.89,173.03,91402452.0,3
407,30.98,31.055,30.7,30.9,36090042.0,205.86,207.92,202.775,207.65,2031267.0,165,166.61,164.92,165.71,3329982.0,402.28,407.15,401.86,406.66,17270056.0,186.645,187,182.66,183.38,160948084.0,2
408,31.115,31.2,30.73,30.97,35772123.0,208.56,208.96,205.99,208,1625994.0,166.5,168.67,166.38,168.61,4133778.0,408.76,413.93,406.3701,413.54,16009874.0,182.354,184.2,180.42,181.71,75883763.0,1
409,31.09,31.45,30.61,30.68,42040018.0,208.17,208.9,204,208.34,2111619.0,169,169.29,167.94,168.38,3057555.0,414.66,414.67,409.09,409.34,18696339.0,183.45,184.9,181.32,182.4,74139796.0,1
410,30,30.15,29.73,30,60620460.0,208.1,211.87,206.735,211.84,1691926.0,168.01,170.26,167.9,169.9,3468431.0,408.17,412.23,406.7132,410.54,11040561.0,182.85,183.07,181.45,182.74,43762264.0,4
411,29.93,30.385,29.805,30.09,43584621.0,211.84,213.72,211,213.61,1862207.0,167.5,167.55,165.88,166.27,4173462.0,410.57,412.72,409.1,412.32,13749799.0,182.56,184.66,182.11,184.57,47493785.0,3
412,30.33,30.455,29.84,29.85,39461855.0,213.53,213.71,207.85,208.46,1749276.0,167.13,168.07,166.32,167.15,2189867.0,412.935,415.38,411.8,414.74,12398523.0,184.9,185.09,182.13,183.05,48525869.0,0
413,30.03,31.13,30,30.51,46062645.0,208.59,211.51,208.54,209.92,1450116.0,167.5,168.06,166.76,167.56,2338192.0,418.01,418.348,410.82,413.72,14540245.0,185.435,187.1,184.62,186.28,68586935.0,0
414,30.62,31.11,30.61,31.05,47427477.0,209.13,210.989,207,210.8,1654916.0,167.86,168.13,166.48,167.36,2569931.0,412.02,417.49,411.55,416.56,14213954.0,187.51,188.3,186.29,187.43,50551025.0,3
415,31.38,31.4,30.81,31.27,36132899.0,210.005,211.41,207.93,208.26,1709523.0,167.94,168.35,167.34,168.26,4390973.0,417.9,423.81,417.27,423.08,19636030.0,187.91,190.65,187.37,189.72,67561123.0,1
416,31.63,32.26,31.52,32.03,47289544.0,208.26,213.33,208.04,212.73,1221288.0,168.26,169.63,167.79,168.97,3386777.0,421.8,425.42,420.35,420.99,15854854.0,190.47,191.095,189.6601,189.84,51938566.0,4
417,32.06,32.11,31.59,31.83,41065762.0,214.32,214.82,212.3,213.14,1456937.0,168.97,169.11,167.33,169.03,2781028.0,422.54,422.92,418.025,420.21,14749276.0,189.51,190.81,189.18,189.87,39819440.0,3
418,31.85,32.42,31.76,32.1,30575192.0,213.14,213.57,211.17,211.27,1223317.0,169,170.16,168.38,169.92,2667388.0,420.21,426.77,419.99,425.34,15094397.0,189.325,191.9199,189.01,191.04,43637717.0,2
419,31.98,32.24,31.62,31.74,42741159.0,212,212.35,210.13,210.35,1405325.0,169.94,174.97,169.94,173.47,6012785.0,426.825,432.97,424.85,429.04,20482820.0,191.09,192.73,190.9201,192.35,41192656.0,1
420,31.91,32.066,31.095,31.42,34870891.0,208.87,211.88,208.31,211.48,1318343.0,173.39,174.99,172.76,173.69,3009230.0,430.09,432.41,427.13,430.52,17595214.0,192.265,192.8231,190.27,190.9,33510741.0,1
421,31.445,31.57,29.87,30.08,57992678.0,211.36,212.75,210.155,212.07,1644149.0,175.39,175.46,170.435,170.67,3208821.0,432.97,433.6,425.424,427,16412929.0,190.98,191,186.625,186.88,48553611.0,0
422,30.29,31.02,30.1301,30.72,40744597.0,212.97,214.95,212.755,214.92,1118509.0,171.48,172.01,170.21,170.89,2309108.0,427.19,431.055,424.41,430.16,11315176.0,188.82,190.58,188.0404,189.98,35429737.0,0
423,30.94,31.3695,30.655,31.06,36223077.0,212.95,213.75,207.37,208.5,2681098.0,170.44,171.085,168.65,169.66,2522242.0,429.63,430.82,426.6,430.32,15331042.0,191.51,193,189.1,189.99,51021752.0,3
424,30.465,30.67,30.105,30.13,34398729.0,207.99,208.57,205.69,205.89,2068639.0,168,168.63,166.21,167.05,4018510.0,425.69,430.94,425.69,429.17,14835728.0,189.61,192.247,189.51,190.29,51934816.0,4
425,30.21,30.5,30.06,30.19,32491499.0,206.43,207.3,204.84,204.9,1314634.0,165.56,166.73,164.23,165.63,3688763.0,424.3,424.3,414.24,414.67,27431407.0,190.76,192.18,190.63,191.29,48211467.0,0
426,30.22,30.96,29.94,30.85,91332470.0,205.16,205.16,202.475,202.98,4890942.0,165.7,166.97,163.84,166.85,4503391.0,416.75,416.75,404.51,415.13,43999851.0,191.44,192.57,189.91,192.25,71937580.0,4
427,31.03,31.065,30.05,30.29,34964612.0,203.2,204.22,200.23,201.75,1904056.0,166.54,166.78,163.53,165.28,2632544.0,415.525,416.43,408.9234,413.52,16916987.0,192.9,194.99,192.52,194.03,48702790.0,1
428,30.75,30.75,29.94,30.03,50002758.0,201.83,204.655,201.46,203.78,2097573.0,164.6,166.4,163.88,165.81,2415891.0,412.43,416.44,409.675,416.07,13882247.0,194.635,195.32,193.0342,194.35,46573003.0,0
429,30.269,30.835,30.01,30.78,43719364.0,203.78,204.79,200.25,200.49,2089700.0,166.41,167.79,165.78,167.38,2975774.0,417.81,424.08,416.3,424.01,16495741.0,195.4,196.9,194.87,195.87,53100041.0,2
430,30.552,30.59,30.16,30.42,33601815.0,200.98,202.84,200.63,201.49,1399191.0,167.38,168.44,166.8,168.2,2127994.0,424.01,425.31,420.58,424.52,13860934.0,195.685,196.5,194.17,194.48,39591471.0,0
431,30.25,30.78,30.205,30.74,31909925.0,201.36,201.79,199.29,199.36,1870237.0,168.18,171.305,168.06,170.01,3365236.0,426.2,426.28,423,423.85,13202716.0,194.65,196.94,194.14,196.89,52508446.0,0
432,30.55,30.95,30.285,30.91,35654099.0,198.92,199.865,197.19,198.5,1950837.0,169.55,170.76,168.88,170.38,3107313.0,424.7,428.08,423.89,427.87,12960379.0,196.9,197.3,192.15,193.12,95034362.0,4
433,30.77,31.03,30.53,30.92,24197191.0,198.45,200.14,197.47,198.7,1657356.0,169.98,170,166.81,169.32,2801327.0,425.475,432.82,425.25,432.68,13664488.0,193.65,207.16,193.63,207.15,169677009.0,4
434,31.455,31.48,30.3899,30.76,46401419.0,201.5,201.5,195.38,195.73,1997978.0,171.35,172.47,168.101,169,3389283.0,435.32,443.4,433.25,441.06,21670711.0,207.37,220.2,206.9,213.07,197067068.0,1
435,30.38,30.58,30.14,30.46,31432552.0,194.85,196.88,194.6,195.64,1553899.0,169.01,169.59,168.335,169.12,3144496.0,440.85,443.39,439.37,441.58,15192736.0,214.74,216.75,211.6,214.24,96562134.0,1
436,30.285,30.56,30.21,30.45,26909689.0,194.63,197.23,194.32,197.13,1650175.0,168.29,169.47,167.23,169.21,2599596.0,438.275,443.1376,436.721,442.57,12693028.0,213.85,215.17,211.3,212.49,69150814.0,0
437,30.34,31,30.18,30.98,31915165.0,196.39,197.68,195.3325,196.59,1773988.0,168.76,169.72,167.5,169.5,3166673.0,442.585,450.94,440.72,448.37,19761406.0,213.37,218.95,212.72,216.67,92964543.0,2
438,30.99,31.47,30.5,30.63,32714319.0,197.79,197.79,190.7,196.53,1897717.0,170,170.75,168.38,170.55,3285482.0,449.705,450.14,444.89,446.34,16337112.0,217.59,218.63,213,214.29,78534656.0,1
439,30.555,31.11,30.45,30.62,42256380.0,196.87,198.89,195,198.49,2030790.0,174.08,174.28,171.22,173.92,4495650.0,446.3,446.53,441.27,445.7,19178681.0,213.93,214.24,208.85,209.68,83863022.0,0
440,30.85,31.36,30.6701,31.09,85831470.0,196.28,196.75,193.96,194.48,5484009.0,173.97,174.96,171.4,172.46,8449238.0,447.38,450.58,446.51,449.78,27327346.0,210.39,211.89,207.11,207.49,204018186.0,4
441,31.14,31.42,30.53,30.57,35319814.0,195.62,197.43,194.91,195.08,1630489.0,175,178.4599,174.15,175.01,4698673.0,449.8,452.75,446.41,447.67,14738189.0,207.72,212.7,206.59,208.14,76303387.0,3
442,30.7,30.83,30.2901,30.74,26994340.0,195.08,196.085,193.66,194.1,1830253.0,175.14,175.7526,171.42,172.6,3923890.0,448.25,451.42,446.75,450.95,15664423.0,209.15,211.38,208.61,209.07,54266550.0,1
443,30.64,30.68,30.2731,30.54,29984527.0,193,195.83,192.105,195.2,2642522.0,171.28,172.68,170.41,171.87,2605128.0,449,453.6,448.19,452.16,14468473.0,211.5,214.86,210.64,213.25,64531178.0,0
444,30.42,30.6582,30.285,30.59,28620373.0,195.74,196.295,194.64,195.53,2803562.0,171.12,172.5,170.48,170.85,2723392.0,452.175,456.17,451.77,452.85,14190382.0,214.69,215.7395,212.35,214.1,48631748.0,2
445,30.75,31.31,30.72,30.97,40414441.0,195.41,197.11,195.01,196.6,6519757.0,170.85,173.46,170.53,172.95,3913388.0,453.07,455.38,446.41,446.95,27413114.0,215.77,216.07,210.3,210.62,80927625.0,4
446,30.91,31.02,30.61,30.84,31503162.0,197.62,197.83,195.09,195.5,2077102.0,173.45,176.46,173.38,175.1,3243012.0,448.66,457.37,445.66,456.73,17184979.0,212.09,217.51,211.92,216.75,59475152.0,4
447,30.855,31.31,30.585,31.07,31277370.0,196.56,198.32,195.99,197.08,4633826.0,174.84,177.485,174.32,177.3,2817254.0,453.2,459.59,453.113,459.28,13603136.0,216.15,220.38,215.1,220.27,57112299.0,4
448,31.12,31.34,30.91,31.23,23839615.0,196.1,197.91,195.84,196.06,2227925.0,177.88,177.98,175.17,175.73,1625143.0,458.19,461.02,457.88,460.77,9661681.0,220,221.55,219.03,221.55,36707517.0,4
449,31.4,32.34,31.3114,32.02,42877006.0,196.53,196.78,195.275,196.4,3271085.0,175.74,176.09,173.95,176.02,1988447.0,459.61,468.35,458.965,467.56,15453383.0,221.65,226.45,221.65,226.34,58287571.0,0
450,33.03,34.09,32.82,33.99,77003711.0,196.4,197.19,194.8,194.97,2292649.0,176.41,178.59,176.01,177.64,2330741.0,466.55,467.7,464.46,466.24,12353937.0,227.09,227.85,223.25,227.82,57456163.0,4
451,35.015,35.22,33.72,34.59,96886046.0,195.18,195.57,193.89,194.62,1688824.0,177.6,177.7,175.58,176.48,2438777.0,467,467.33,458,459.54,16938599.0,227.93,229.4,226.3721,228.68,47531745.0,4
452,34.44,34.97,34.13,34.87,51627549.0,194.1,195.32,193.495,193.58,1878303.0,176.6,178.22,174.45,177.84,3184462.0,461.22,466.46,458.855,466.25,17825850.0,229.3,233.08,229.25,232.98,61539280.0,1
453,35.031,35.15,33.31,33.5,54094568.0,193.58,198.3,193.17,195.8,4552972.0,177.65,179.44,176.62,178.31,2643153.0,462.98,464.78,451.55,454.7,22241072.0,231.39,232.39,225.77,227.57,63197762.0,2
454,33.77,35.475,33.77,34.49,61575786.0,195.77,196.1,193.37,193.43,3077508.0,178.56,184.16,178.5,182.83,4519297.0,454.325,456.36,450.645,453.55,15564744.0,228.92,232.64,228.68,230.54,51621443.0,1
455,34.7,35.225,34.31,34.46,39530936.0,194.11,197.2,194.11,197.01,2312458.0,183.38,184.9,182.6,182.88,2875888.0,453.3,457.26,451.43,453.96,13889645.0,236.48,237.23,233.09,234.4,60513737.0,2
456,34.36,34.45,33.835,34.34,28060122.0,198.26,199.55,197.08,197.37,2076172.0,184.67,186.6,184.52,185.81,3215819.0,454.22,454.3,446.66,449.52,16523164.0,235,236.27,232.33,234.82,38468546.0,1
457,36.08,37.16,34.4,34.46,108509206.0,197.87,201.58,197.32,201.46,1816143.0,185.44,187.94,185.07,187.45,3891441.0,442.59,444.85,439.18,443.52,21165196.0,229.45,231.4599,226.64,228.88,55878906.0,1
458,34.96,36.3,34.53,34.87,82044264.0,201.07,202.78,200.2,200.61,1511861.0,186.64,189.47,185.1,185.22,3408377.0,444.34,444.65,434.4,440.37,19878915.0,230.28,230.44,222.27,224.18,64346030.0,3
459,34.565,34.58,32.85,32.98,68886542.0,201.63,201.89,199.16,199.85,1534251.0,186.33,187,181.95,183.25,3575104.0,433.1,441.14,432,437.11,20232021.0,224.82,226.8,223.275,224.31,48020038.0,2
460,33.28,33.41,32.76,33.37,44227332.0,199.56,200.39,198.54,199.88,1133292.0,183.4,184.97,182.86,184.15,2324964.0,441.79,444.6,438.9125,442.94,14941044.0,227.01,227.78,223.09,223.96,44958139.0,4
461,32.96,33.23,32.83,32.95,28576299.0,200.17,200.27,196.99,197.44,2123877.0,184.36,185.38,183.01,184.1,2131871.0,443.895,448.39,443.1,444.85,12333947.0,224.365,226.94,222.68,225.01,37919040.0,2
462,32.535,32.8,31.66,31.7,56711768.0,200.23,200.545,194.92,197.25,2669223.0,184.14,185.0714,183.145,184.02,6900895.0,440.45,441.48,427.585,428.9,25896704.0,224,224.8,217.13,218.54,59687424.0,2
463,31.372,31.985,30.95,31.1,49210827.0,197.39,200.83,197.04,199.38,2063182.0,186.8,196.26,185.3,191.98,9438478.0,428.8,429.8,417.51,418.4,28188176.0,218.93,220.85,214.62,217.49,50451768.0,3
464,31.43,31.56,31.02,31.35,35728217.0,198.93,201.49,198.85,200.54,1227818.0,190.51,193.57,189.622,191.75,4236064.0,418.2,428.915,417.27,425.27,20707446.0,218.7,219.49,216.01,217.96,39827645.0,4
465,31.42,31.47,30.79,30.83,31526507.0,200.55,201.71,198.76,198.92,1418468.0,193.18,193.29,189.18,191.5,3100666.0,431.58,432.15,424.7042,426.73,14735954.0,216.96,219.3,215.75,218.24,35153729.0,4
466,30.845,30.91,30.005,30.13,46583694.0,199.86,199.86,195.3019,197.2,1681988.0,191.48,192.77,189.09,191.04,2957488.0,427.72,429.05,417.36,422.92,32104706.0,219.19,220.325,216.12,218.8,40681625.0,0
467,30.54,30.87,30.28,30.74,54788142.0,197.2,197.85,193.25,193.71,1659209.0,191,194.5499,189.99,192.14,5289463.0,420.495,421.775,412.21,418.35,42096598.0,221.44,223.82,220.63,222.08,48422974.0,1
468,30.43,30.71,28.89,29.05,106780831.0,194.21,197.805,194.04,196.31,1811027.0,192.81,193.635,188.29,189.66,3923227.0,420.785,427.46,413.0901,417.11,29681006.0,224.37,224.48,217.02,218.36,61125243.0,1
469,21.94,21.98,20.42,21.48,300503098.0,198.22,201.56,197.5,199.83,2227867.0,188.78,189.26,185.7,189.12,4396198.0,412.49,415,404.34,408.49,28373612.0,219.15,225.6,217.71,219.86,102635321.0,4
470,20.2,20.385,19.2934,20.11,146570937.0,200.14,202.75,196.62,197.22,2121813.0,184.55,185.255,181.81,183.31,4836628.0,389.17,401.04,385.58,395.15,38805980.0,199.09,213.5,196,209.27,119382508.0,1
471,20.32,20.63,19.75,19.83,106120072.0,197,204.1,196.935,202.38,3181267.0,184.7,188.9,183.64,186.8,3449699.0,400,405.67,398.5,399.61,23608739.0,205.3,209.99,201.07,207.23,69545387.0,1
472,19.92,20.25,18.95,18.99,96442343.0,201.9,206.8,200.5,205,3456266.0,188.08,189.87,186.7,186.8,3457498.0,408.635,410.08,397.47,398.43,19206613.0,206.9,213.64,206.39,209.82,60109650.0,0
473,19.1,20.55,18.84,20.49,94991818.0,204.63,207.31,202.35,205.15,2059510.0,187.5,192.88,187,192.61,3612599.0,402.44,405.86,399.9407,402.69,18618547.0,213.11,214.2,208.83,213.31,45466136.0,4
474,20.08,20.15,19.5,19.71,75223872.0,205.25,207.21,203.7727,206.66,991643,191.18,192.63,189.04,191.45,2604718.0,404.03,408.05,402.2624,406.02,17981644.0,212.1,216.78,211.97,216.24,40764531.0,4
475,19.87,19.97,19,19.36,54094506.0,206.66,208.08,205.18,206.59,1002701.0,191.25,191.5761,189.0001,189.48,2194082.0,407.06,408.76,404.2434,406.81,15279064.0,216.07,219.5099,215.6,217.53,36533169.0,0
476,19.48,20.48,19.47,20.47,76450369.0,206.53,207.895,205.65,207.57,967467,190.29,191.31,189.21,190.99,2108438.0,409.59,414.95,409.57,414.01,18315025.0,219.01,221.89,219.01,221.27,42281135.0,2
477,20.485,20.5,19.785,19.92,56514418.0,207.775,208.29,206.5,207.85,1133089.0,191.15,193.09,190.73,192.32,1848512.0,414.8,417.72,412.4456,416.86,17248560.0,220.57,223.03,219.7,221.72,40535664.0,0
478,20.32,21.06,20.23,20.69,82321620.0,207.78,208.26,204.8501,205.29,1301685.0,193.51,194.25,193.28,193.95,2214669.0,419.8,421.11,417.66,421.03,18974288.0,224.6,225.35,222.76,224.72,44961298.0,0
479,20.53,20.895,20.4101,20.87,47323052.0,205.29,208.8,204.16,207.88,1058529.0,193.58,194.35,192.86,193.78,2386043.0,420.6,421.34,417.3,418.47,21201583.0,223.92,226.8271,223.6501,226.05,42388970.0,0
480,20.885,21.86,20.835,21.52,64944249.0,208.43,209.76,208.04,208.87,1111790.0,193.84,195.525,193.715,194.73,2308528.0,418.96,421.75,416.46,421.53,14419960.0,225.72,225.99,223.04,225.89,39167926.0,2
481,21.21,21.23,20.82,20.99,83407251.0,209.45,210.43,208.355,208.7,1247465.0,194.59,196.21,193.75,196.03,1714992.0,421.7,425.86,421.64,424.8,15778630.0,225.77,227.17,225.45,226.51,29528757.0,0
482,21.072,21.44,21.07,21.41,54470630.0,208.68,209.44,207.61,209.4,892120,195.97,197.33,194.115,197.21,2465176.0,424.075,426.4,421.72,424.14,14809439.0,226.52,227.98,225.05,226.4,33953349.0,1
483,21.39,21.4,20.04,20.1,79500848.0,209.25,210.16,208.2,209.62,1104008.0,197.25,197.92,195.57,195.96,1906803.0,424.36,426.7899,414.61,415.55,18284617.0,227.79,228.34,223.9,224.53,38144864.0,0
484,20.32,20.93,20.26,20.54,71295880.0,210.28,210.28,206.44,207.05,1219317.0,196.79,197.38,194.39,196.1,2183621.0,416.98,419.26,412.09,416.79,17487194.0,225.6589,228.22,224.33,226.84,38051965.0,2
485,20.53,20.56,19.95,20.13,56416685.0,207.1,208.66,207.1,208.43,1573087.0,196,198.345,195.9,197.98,2514030.0,416.365,417.2799,411.34,413.49,11206793.0,226.76,227.28,223.8905,227.18,27855445.0,1
486,20.13,20.26,19.84,20.07,43406982.0,208.91,212.87,207.71,212.4,1775420.0,197.44,199.4,196.97,198.73,2544254.0,412.86,414.36,410.25,413.84,13190099.0,225.995,228.85,224.89,228.03,35071175.0,1
487,19.98,20.105,19.51,19.61,49545054.0,212.72,215.95,212.35,215.12,1599530.0,199,200,197.49,198.46,2495138.0,414.88,415,407.31,410.6,14471795.0,227.92,229.86,225.68,226.49,36936833.0,0
488,19.76,20.6,19.75,20.13,63198157.0,215.01,215.355,213.36,214.1,1088703.0,199.3,201.12,198.27,198.9,2908147.0,414.94,422.05,410.6,413.12,15705295.0,230.1,232.92,228.88,229.79,51072782.0,0
489,21.25,22.12,21,22.04,173746503.0,213.53,215.97,213.52,215.74,1960873.0,199.11,202.17,198.73,202.13,4457071.0,415.6,417.49,412.13,417.14,22593479.0,230.19,230.4,227.48,229,50340308.0,1
490,21.54,21.69,19.99,20.1,113575537.0,208.46,212.75,207.7496,212.64,3286972.0,201.91,204.72,200.21,201.28,3731689.0,417.91,419.88,407.03,409.44,19462006.0,228.55,229,221.17,222.77,49286866.0,2
491,19.76,20.045,19.28,19.43,85462407.0,213.84,216.14,212.64,216,1499619.0,200.76,204.36,200.5,204.11,3030529.0,405.91,411.24,404.37,408.9,14794676.0,221.66,221.78,217.48,220.85,42699700.0,0
492,19.28,19.9,19.24,19.4,63175725.0,218.5,219.51,217.06,219.38,1637278.0,204.08,205.95,200.96,202.59,3079160.0,407.62,413.1,406.13,408.39,13141207.0,221.625,225.48,221.52,222.38,34772036.0,1
493,19.44,19.49,18.64,18.89,89850216.0,219.05,220.8,218.46,220.5,2733339.0,202.38,204.1,199.335,200.74,3229950.0,409.06,410.65,400.8,401.7,18600087.0,223.95,225.24,219.77,220.82,45965359.0,2
494,19,19.54,18.95,19.07,60679874.0,220,221.085,217.74,218.54,2107515.0,201.94,205.05,201.43,203.53,3590978.0,407.24,408.65,402.15,405.72,14630189.0,220.82,221.27,216.71,220.91,65865433.0,3
495,19.03,19.11,18.51,18.98,54524822.0,217.76,219.64,217,218.48,1674399.0,204.2,205.83,202.87,205.32,2974987.0,408.2,416.33,407.7,414.2,19293013.0,218.92,221.48,216.73,220.11,51131372.0,0
496,19.01,19.69,18.52,19.64,68911908.0,218.66,218.8,214.78,218.59,3238152.0,207.76,210.12,203.04,209.89,5426011.0,415.5,423.99,409.58,423.04,18046701.0,221.455,223.09,217.89,222.66,42551999.0,3
497,19.43,19.54,19.04,19.36,51313538.0,219.19,219.225,215.45,217.3,2169449.0,210,212.65,208.265,211.61,4546189.0,423.31,427.3692,419.75,427,16264929.0,222.5,223.55,219.82,222.77,36818998.0,3
498,19.49,19.8,19.49,19.66,43840029.0,218.27,218.88,215.53,216.99,2326487.0,212.48,216.09,212.13,214.79,4471144.0,425.825,431.83,425.46,430.59,15705350.0,223.58,224.04,221.91,222.5,36462779.0,0
499,20.03,21.0699,19.76,20.91,147965795.0,216.05,219.49,216.05,218.53,1642619.0,215.88,217.9,215.52,217.16,4033759.0,430.6,433.53,428.22,431.34,13174599.0,216.54,217.22,213.92,216.32,58316431.0,4
500,21.71,22.58,21.24,21.47,195684663.0,218.19,219.29,216.8,218.18,1960520.0,217.25,218.84,213,214.13,5523318.0,440.23,441.85,432.27,435.15,18577155.0,215.75,216.9,214.5,216.79,44001409.0,4
501,21.36,21.74,20.715,20.77,118060918.0,218,218.36,214.94,216.3,1710637.0,214.13,216.86,213.59,214.94,3402015.0,435,436.03,430.41,430.81,18441947.0,217.55,222.71,217.54,220.69,59023399.0,4
